genres,key
australian pop,0
italian progressive metal,0
slamming deathcore,0
italian soprano,0
classic tunisian pop,0
uplifting trance,0
footwork,0
j-acoustic,0
j-ambient,0
classic opm,0
socal pop punk,0
kolsche karneval,0
ukrainian pop,0
musica de fondo,0
soul,0
histoire pour enfants,0
pittsburgh rock,0
classic afrobeat,0
christmas instrumental,0
klezmer,0
kizomba antigas,0
memphis soul,0
christian hardcore,0
uk garage,0
musica andina colombiana,0
christelijk,0
kindie rock,0
space ambient,0
khmer,0
music hall,0
italian power metal,0
hammond organ,0
musica para ninos,0
italian mezzo-soprano,0
melodic metal,0
irish singer-songwriter,0
salsa cubana,0
israeli classical,0
samba-enredo,0
sarod,0
coverchill,0
scottish fiddle,0
italian baritone,0
vgm instrumental,0
kundiman,0
australian classical piano,0
italian bass,0
veracruz indie,0
german show tunes,0
italian blues,0
seattle indie,0
folk punk,0
australian indie rock,0
folk-pop,0
glitch pop,0
theremin,0
contemporary folk,0
italian classical piano,0
australian reggae fusion,0
italian indie pop,0
comedy rock,0
australian trap,0
australian underground hip hop,0
hammered dulcimer,0
australian house,0
folclor colombiano,0
movie tunes,0
chilena,0
cambodian rock,0
persian traditional,0
cabaret,0
future garage,0
blackgaze,0
trap queen,0
blues,0
ottawa indie,0
gabonese pop,0
boogaloo,0
partyschlager,0
british industrial,0
british folk,0
british experimental,0
middle east hip hop,0
traditional ska,0
traditional blues,0
jazz trio,0
brisbane indie,0
mexican son,0
techno kayo,0
jazz trombone,0
boy band,0
harlem renaissance,0
texas blues,0
palestinian pop,0
georgian folk,0
michigan indie,0
brazilian punk,0
cambridgeshire indie,0
swiss country,0
minimalism,0
swedish rock-and-roll,0
motown,0
speed garage,0
children's choir,0
bc underground hip hop,0
uk alternative pop,0
ugandan pop,0
japanese experimental,0
charlotte nc indie,0
japanese girl punk,0
norwegian contemporary jazz,0
moldovan pop,0
pibroch,0
hawaiian indie,0
swamp pop,0
spanish pop,0
belgian hardcore,0
modern jazz trio,0
japanese pop punk,0
modern funk,0
japanese punk rock,0
german opera,0
turkish edm,0
japanese vocal jazz,0
funk 150 bpm,0
canadian pop,0
kashmiri pop,0
philly soul,0
tunisian pop,0
funk ostentacao,0
canadian house,0
caracas indie,0
rva indie,0
jordanian pop,0
dabke,0
american orchestra,0
lullaby,0
neoclassicism,0
rhode island rap,0
ok indie,0
psalmen,0
proto-techno,0
progressive trance,0
nz christian,0
anglican liturgy,0
deep progressive house,0
anime latino,0
african percussion,0
ecm-style jazz,0
industrial,0
antilliaanse folklore,0
deep flow,0
adult standards,0
latin soundtrack,0
finnish contemporary classical,0
psybass,0
afro-funk,0
new england americana,0
drill,0
ranchera,0
filthstep,0
disney,0
dunedin sound,0
dfw rap,0
indie cafe pop,0
reggae en espanol,0
musique pour enfants,0
ambient industrial,0
nz pop,0
impressionism,0
depressive black metal,0
dembow,0
mariachi,0
pop quebecois,0
afrobeat,0
renaissance,0
progressive alternative,0
latin pop,0
deep latin christian,0
russian ccm,0
pop house,0
hungarian rock,0
hungarian pop,0
english baroque,0
melbourne indie,0
latin arena pop,0
arab pop,0
russian edm,0
english renaissance,0
guinean pop,0
russian metal,0
vintage italian pop,0
russian metalcore,0
asbury park indie,0
nwothm,0
escape room,0
asheville indie,0
post-doom metal,0
russian modern classical,0
dallas indie,0
post-metal,0
flick hop,0
greek folk,0
instrumental funk,0
neo mellow,0
industrial rock,0
rock progressif francais,0
praise,0
maine hip hop,0
arabic hip hop,0
british classical piano,1
brostep,1
phonk,1
progressive metalcore,1
hyphy,1
queens hip hop,1
pop rap,1
funeral doom,1
bronx hip hop,1
filter house,1
environmental,1
modern indie pop,1
gainesville indie,1
rap,1
drone metal,1
rap cristiano,1
essex indie,1
caucasian classical piano,1
miami hip hop,1
r&b,1
swedish indie folk,1
punjabi folk,1
punjabi hip hop,1
gangster rap,1
houston rap,1
mindfulness,1
cali rap,1
emo rap,1
burmese traditional,1
east coast hip hop,1
buffalo hip hop,1
rap kreyol,1
swedish stoner rock,1
g funk,1
teen pop,1
electronic trap,1
funk paulista,1
canadian hip hop,1
perreo,1
ninja,1
brutal death metal,1
psychedelic doom,1
psychedelic hip hop,1
technical death metal,1
palm desert scene,1
new york death metal,1
reggae fusion,1
final fantasy,1
contemporary choir,1
conscious hip hop,1
sevillanas,1
industrial metal,1
italian library music,1
neo-classical,1
finnish power metal,1
italian contemporary jazz,1
italian modern prog,1
political hip hop,1
singaporean mandopop,1
deep full on,1
musica para criancas,1
classical accordion,1
deep gothic post-punk,1
indonesian hip hop,1
shush,1
indie triste,1
nederlandse hardstyle,1
instrumental stoner rock,1
focus trance,1
sacred steel,1
cumbia funk,1
israeli classical piano,1
musique peule,1
crunk,1
folclore tucumano,1
contemporary gospel,1
israeli techno,1
pop,1
russian classical piano,1
scratch,1
scream rap,1
rumba congolaise,1
intelligent dance music,1
dark trap,1
dancehall,1
rap latina,1
sleep,1
classic latvian pop,1
chinese electropop,1
northern soul,1
spanish renaissance,1
indie psych-pop,1
dirty south rap,1
hip hop,1
indie pop rap,1
neon pop punk,1
chicha,1
chicano rap,1
chicago rap,1
dmv rap,1
moombahton,1
rawstyle,1
chicago drill,1
rap rock,1
djent,1
deep punk rock,1
detroit hip hop,1
sovietwave,1
riddim,1
polish classical piano,1
hip pop,1
sound,1
south african house,1
pittsburgh rap,1
deep underground hip hop,1
reggaeton,1
south carolina hip hop,1
christian trap,1
south carolina metal,1
southern hip hop,1
christian hip hop,1
french hip hop,1
reggaeton mexicano,1
reggaeton flow,1
retro metal,1
italian techno,1
steelpan,1
viral rap,1
turntablism,1
water,1
atl hip hop,1
white noise,1
austrian pop,1
old school rap francais,1
meme rap,1
west coast trap,1
aggrotech,1
k-rap,1
virgin islands reggae,1
nu-cumbia,1
otacore,1
gospel r&b,1
american romanticism,1
nueva ola chilena,1
vapor trap,1
ohio hip hop,1
west coast rap,1
trap venezolano,1
ambeat,1
zambian pop,1
vapor twitch,1
trap soul,1
trip hop,1
trap latino,1
asian american hip hop,1
lithuanian electronic,1
afghan traditional,1
nyc rap,1
komedi,1
ghanaian traditional,1
underground hip hop,1
turkish trap,1
lo-fi indie,1
german pop rock,1
urban contemporary,1
belgian pop,1
urbano espanol,1
orebro indie,1
argentine hip hop,1
latin hip hop,1
hardcore,1
nu disco,1
alternative hip hop,1
kawaii metal,1
berlin minimal techno,1
american post-rock,1
bhangra,1
argentine metal,1
belarusian indie,1
world meditation,1
alt-idol,1
trap chileno,1
xtra raw,1
atmosphere,1
tone,1
australian ambient,1
anime,1
braindance,1
abstract,1
ny roots,1
vienna indie,1
uk experimental electronic,1
aussietronica,1
gymcore,1
trap,1
boom bap,1
melodic rap,1
american 21st century classical,1
korean trap,1
uk post-hardcore,1
latvian pop,1
hardcore hip hop,1
battle rap,1
atlanta metal,1
toronto rap,1
baton rouge rap,1
uk stoner rock,1
uk diy punk,1
german classical piano,1
memphis hip hop,1
korean mask singer,1
ambient techno,1
gospel,1
fourth world,2
dunedin indie,2
american folk revival,2
south dakota indie,2
nova mpb,2
classic bhangra,2
christian music,2
french dnb,2
oriental classical,2
polish contemporary classical,2
christian indie,2
latin viral pop,2
nashville americana,2
rap conciencia,2
drone,2
alte,2
barockinterpreten,2
christian dance,2
christian pop,2
soda pop,2
soukous,2
drum and bass,2
irish dance,2
classic australian country,2
uk worship,2
south african country,2
french baroque,2
musica costarricense,2
circus,2
j-poprock,2
musica costena,2
gujarati pop,2
sound team,2
radio symphony,2
balearic,2
muzika l'yeladim,2
classic finnish pop,2
northern irish indie,2
danish pop rock,2
danish rock,2
ukrainian choir,2
german underground rap,2
french death metal,2
classic indo pop,2
vintage tango,2
uk metalcore,2
indie dream pop,2
sotalaulut,2
mandopop,2
dubsteppe,2
knoxville indie,2
italian violin,2
cosmic post-rock,2
krautrock,2
cyberpunk,2
cornish folk,2
contrabass,2
polyphony,2
australian indigenous,2
australian country,2
welsh indie,2
irish rock,2
australian psych,2
australian r&b,2
concert band,2
compositional ambient,2
shaabi,2
commons,2
dirty texas rap,2
comic metal,2
country blues,2
country gospel,2
atmospheric dnb,2
ambient pop,2
welsh metal,2
salsa colombiana,2
audiophile vocal,2
pop chileno,2
indie punk,2
opera,2
iskelma,2
israeli rock,2
finnish classical,2
video game music,2
nu metal,2
australian alternative rock,2
norsk lovsang,2
welsh rock,2
croatian folk,2
irish metal,2
operatic pop,2
norwegian space disco,2
historic orchestral performance,2
skiffle,2
nz singer-songwriter,2
classical clarinet,2
alternative metal,2
classical baritone,2
italian romanticism,2
neue deutsche harte,2
slam poetry,2
folkmusik,2
classic swedish pop,2
university choir,2
dangdut,2
denver indie,2
italian tenor,2
marathi pop,2
alternative dance,2
recorder,2
italian progressive rock,2
kora,2
austrian choir,2
rebetiko,2
nerdcore,2
shibuya-kei,2
musica popular paraense,2
rebel blues,2
dong-yo,2
lancashire indie,2
atl trap,2
classical tenor,2
classical soprano,2
vintage classical singing,2
orchestral performance,2
vintage country folk,2
classical performance,2
classical mezzo-soprano,2
reading indie,2
vintage italian soundtrack,2
pop punk,2
dusseldorf electronic,2
experimental,2
eurovision,2
electronic djent,2
tropicalia,2
gothenburg indie,2
swiss metal,2
harpsichord,2
yoga,2
louisville indie,2
pop soul,2
symphonic black metal,2
symphonic rock,2
finnish soul,2
antiviral pop,2
buffalo ny metal,2
acid rock,2
german indie,2
post-rock,2
canadian classical,2
ritmo kombina,2
berlin school,2
deep adult standards,2
canadian metal,2
baroque,2
deep classic garage rock,2
progressive groove metal,2
icelandic jazz,2
indie singer-songwriter,2
humppa,2
swedish metalcore,2
swedish pop,2
old west,2
swedish prog,2
canadian electronic,2
pop romantico,2
yiddish folk,2
kansas city hip hop,2
swedish indie rock,2
taiwan singer-songwriter,2
vocaloid,2
german baroque,2
techno,2
panpipe,2
boston rock,2
outsider,2
bow pop,2
erhu,2
british black metal,2
oxford choir,2
thai indie rock,2
estonian hip hop,2
vogue,2
jewish cantorial,2
deep minimal techno,2
thall,2
brazilian classical,2
nursery,2
accordion,2
tech house,2
traditional funk,2
indie surf,2
gothic black metal,2
british soundtrack,2
middle eastern traditional,2
british singer-songwriter,2
british power metal,2
accordeon,2
british choir,2
jump up,2
gypsy,2
abstract hip hop,2
partido alto,2
indonesian pop,2
gaming dubstep,2
epicore,2
indonesian indie,2
british modern classical,2
kawaii future bass,2
guzheng,2
german oi,2
chill guitar,2
bath indie,2
dutch house,2
spanish techno,2
children's music,2
children's folk,2
german rock,2
indiana hip hop,2
french opera,2
beat italiano,2
dark wave,2
puerto rican folk,2
chicago indie,2
indian fusion,2
virginia metal,2
psychedelic soul,2
uk americana,2
french metal,2
basshall,2
keroncong,2
musica afroperuana,2
manchester indie,2
dark clubbing,2
alabama rap,2
chinese traditional,2
chinese soundtrack,2
irish accordion,2
chinese jazz,2
chinese instrumental,2
dutch death metal,2
deep tech house,2
fast melodic punk,2
khaleeji iraqi,2
chinese classical piano,2
pop flamenco,2
chinese classical,2
spanish invasion,2
chicago blues,2
psychedelic rock,2
french orchestra,2
svensk progg,2
cedm,2
sufi,2
instrumental progressive metal,2
progressive rock,2
turkish jazz,2
new orleans blues,2
instrumental post-rock,2
canzone napoletana,2
swedish alternative rock,2
lo-fi vgm,2
modern dream pop,2
japanese psychedelic,2
belgian rock,2
modern alternative rock,2
canadian rockabilly,2
romanian folk,2
eastern bloc groove,2
olympia wa indie,2
dc indie,2
grindcore,2
chamber choir,2
flint hip hop,2
pinoy pop punk,2
early music ensemble,2
early synthpop,2
metalcore,2
streichquartett,2
chaotic hardcore,2
indian folk,2
string folk,2
lo star,2
japanese folk,2
cumbia ranchera,3
cumbia peruana,3
deep motown,3
neo-trad metal,3
instrumental acoustic guitar,3
finnish metal,3
finnish heavy metal,3
russian post-punk,3
deep soundtrack,3
dansband,3
denton tx indie,3
folclor afrocolombiano,3
pop folk,3
arkansas indie,3
finnish death metal,3
honky-tonk piano,3
cymraeg,3
deep disco house,3
oc indie,3
vocal trance,3
hungarian classical piano,3
reggaeton cristiano,3
swedish idol pop,3
modern jazz piano,3
turkish modern jazz,3
pianissimo,3
turkish psych,3
lldm,3
french romanticism,3
icelandic rock,3
chamber ensemble,3
new isolationism,3
nz indie,3
musique pour enfant quebecois,3
punta,3
dutch folk,3
spanish classical piano,3
spanish baroque,3
stomp and flutter,3
soviet synthpop,3
funk mexicano,3
canadian indigenous,3
ethiopian pop,3
ethio-jazz,3
hungarian contemporary classical,3
brain waves,3
boy pop,3
trance mexicano,3
tampa indie,3
canadian indigenous hip hop,3
british jazz,3
midwest americana,3
ottawa rap,3
louisville underground,3
canadian classical piano,3
new tribe,3
hauntology,3
binaural,3
tamborazo,3
nordic post-rock,3
deep northern soul,3
bard,3
classical horn,3
greek clarinet,3
classical piano,3
french indie folk,3
vallenato moderno,3
classical trumpet,3
operetta,3
polish jazz,3
veena,3
copla,3
cornwall indie,3
schlager,3
israeli pop,3
musikkorps,3
detske pisnicky,3
detroit house,3
hamburg electronic,3
classic schlager,3
singing bowl,3
nz reggae,3
finnish hard rock,3
kodomo no ongaku,3
wind ensemble,3
christmas product,3
musica hondurena,3
south african pop,3
banda carnavalera,3
balkan classical piano,3
eugene indie,4
latinx alternative,4
pop peruano,4
epic doom,4
ambient black metal,4
fingerstyle,4
dungeon synth,4
alberta country,4
eurobeat,4
rock alternatif francais,4
pop venezolano,4
power pop,4
electronica argentina,4
maine indie,4
action rock,4
new wave of thrash metal,4
neotango,4
liverpool indie,4
guitarra portuguesa,4
marathi traditional,4
deep soul house,4
neofolk,4
guitarra argentina,4
rap nacional antigo,4
experimental folk,4
indie garage rock,4
family gospel,4
thrash metal,4
deep new wave,4
belgian classical piano,4
piedmont blues,4
chakra,4
straight edge,4
stomp and whittle,4
ethnomusicology,4
orlando indie,4
chicago house,4
kentucky metal,4
morna,4
springfield mo indie,4
chicano punk,4
kentucky punk,4
japanese classical performance,4
spanish metal,4
mpb,4
baroque singing,4
rock alternativo brasileiro,4
choral,4
musica andina,4
nouvelle chanson francaise,4
memphis indie,4
christian punk,4
musica antigua,4
cinematic post-rock,4
classic canadian rock,4
german thrash metal,4
j-idol,4
umbanda,4
celtic harp,4
norwegian hip hop,4
surf punk,4
kent indie,4
tolkien metal,4
norwegian pop rap,4
pakistani hip hop,4
brazilian percussion,4
hardcore punk,4
pakistani pop,4
boom bap brasileiro,4
british indie rock,4
k-indie,4
bubblegrunge,4
persian pop,4
bulgarian experimental,4
traprun,4
german house,4
forro tradicional,4
tribal house,4
canadian ccm,4
minimal techno,4
kabyle,4
canadian choir,4
trova mexicana,4
kannada bhava geethe,4
canadian country,4
tulsa indie,4
german metal,4
mississippi hip hop,4
swedish doom metal,4
hard rock brasileiro,4
swedish americana,4
cape verdean folk,4
philly indie,4
underground power pop,4
baroque ensemble,4
musica infantil,4
historically informed performance,4
italian classical guitar,4
dark hardcore,4
deep christian rock,4
rock urbano mexicano,4
musical advocacy,4
deathrash,4
crossover thrash,4
folclore salteno,4
auckland indie,4
samba de roda,4
melodic power metal,4
virginia punk,4
atmospheric post-rock,4
isle of wight indie,4
norman ok indie,4
romanian pop,4
salsa choke,4
atmospheric black metal,4
iowa hip hop,4
melodic hardcore,4
lancaster pa indie,4
irish indie,4
halifax indie,4
pop electronico,4
irish country,4
forro,4
contemporary classical piano,4
argentine ambient,4
irish banjo,4
classical countertenor,4
skate punk,4
deep funk,4
deep g funk,4
folklore argentino,4
martial industrial,4
kompa,4
memphis americana,4
musica popular mineira,4
shiver pop,4
skramz,4
us power metal,4
indonesian worship,4
colombian hip hop,4
neo-progressive,4
colombian rock,4
guam indie,4
italian mandolin,4
korean indie rock,4
sevdah,4
slow game,4
deep latin alternative,4
german literature,5
pornogrind,5
norwegian jazz,5
future bass,5
oud,5
guadalajara indie,5
pops orchestra,5
future house,5
nuevo folklore mexicano,5
future rock,5
garage punk,5
german dance,5
gaian doom,5
harmonica jazz,5
harp,5
flamenco guitar,5
finnish edm,5
nottingham indie,5
gothic symphonic metal,5
francoton,5
free improvisation,5
hard bop,5
free jazz,5
north carolina metal,5
greek jazz,5
polish pop,5
oakland indie,5
pinoy trap,5
french indietronica,5
german romanticism,5
german renaissance,5
fado,5
opera metal,5
exotica,5
go-go,5
finnish alternative rock,5
pinoy r&b,5
horror punk,5
hindustani vocal,5
hindustani instrumental,5
highlife,5
huapango,5
hi-nrg,5
grand rapids indie,5
folclore extremeno,5
hawaiian hip hop,5
hong kong indie,5
hong kong rock,5
experimental ambient,5
orquesta tipica,5
norteno-sax,5
lute,5
nintendocore,5
bristol electronic,5
brega,5
tempe indie,5
jazz trumpet,5
jazz vibraphone,5
brazilian modern jazz,5
brazilian jazz,5
tin pan alley,5
brass ensemble,5
brass band,5
toronto indie,5
jump blues,5
traditional british folk,5
bossa nova,5
bolero cubano,5
bolero,5
bmore,5
k-pop boy group,5
trinidadian reggae,5
mexican indie,5
big band,5
kayokyoku,5
turkish experimental,5
jazz saxophone,5
jazz quartet,5
british dance band,5
jazz pop,5
japanese instrumental,5
japanese soundtrack,5
mizrahi,5
canadian post-hardcore,5
swedish jazz,5
canadian metalcore,5
jazz,5
post-disco,5
swedish singer-songwriter,5
jazz clarinet,5
swing,5
metropopolis,5
calypso,5
jazz double bass,5
tagalog rap,5
jazz drums,5
jazz funk,5
jazz fusion,5
jazz harp,5
brooklyn drill,5
tajik pop,5
jazz orchestra,5
jazz organ,5
jazz piano,5
swiss worship,5
sudanese pop,5
belgian new wave,5
belgian contemporary classical,5
meditation,5
visor,5
vocal jazz,5
anthem emo,5
anime score,5
warm drone,5
washboard,5
mariachi cristiano,5
american oi,5
lds,5
west virginia indie,5
alternative emo,5
manila sound,5
library music,5
light music,5
worcester ma indie,5
malaysian mandopop,5
african-american classical,5
acousmatic,5
lounge,5
macedonian folk,5
zouk,5
432hz,5
melbourne bounce,5
laboratorio,5
victoria bc indie,5
australian alternative pop,5
bebop,5
bboy,5
uk contemporary r&b,5
uk dance,5
bass house,5
baroque brass,5
bansuri,5
baltimore hip hop,5
baltic classical,5
ukrainian classical,5
baiao,5
belgian jazz,5
bahai,5
avant-garde jazz,5
avant-garde,5
uzbek pop,5
austro-german modernism,5
austrian classical piano,5
vapor pop,5
korean r&b,5
vbs,5
australian indie folk,5
australian electropop,5
vgm remix,5
azeri traditional,5
substep,5
guatemalan pop,5
japanese indie folk,5
rock chapin,5
deep euro house,5
deep dance pop,5
romantico,5
darksynth,5
dark minimal techno,5
dark jazz,5
russian dance,5
danish jazz,5
danish classical,5
modern salsa,5
rwandan traditional,5
cypriot pop,5
cumbia ecuatoriana,5
salsa peruana,5
samba-jazz,5
musique concrete,5
israeli singer-songwriter,5
scottish folk,5
cool jazz,5
sefardi,5
neo-traditional country,5
deep tropical house,5
derby indie,5
dhrupad,5
english indie rock,5
nightrun,5
nightcore,5
electrofox,5
prepared piano,5
electro-pop francais,5
electro swing,5
electric bass,5
egyptian pop,5
edmonton indie,5
contemporary post-bop,5
easy listening,5
early romantic era,5
indian classical,5
punjabi pop,5
new french touch,5
quatuor a cordes,5
dutch classical piano,5
indie deutschrap,5
ragtime,5
new england emo,5
dinner jazz,5
idol,5
contemporary jazz,5
russian punk,5
musica potosina,5
soul jazz,5
sound effects,5
classic arab pop,5
cincinnati rap,5
chunchaca,5
space age pop,5
spanish classical,5
chill r&b,5
japanese classical,5
japanese concert band,5
spiritual jazz,5
moog,5
monterrey indie,5
stoner metal,5
stoner rock,5
straight-ahead jazz,5
street band,5
mollywood,5
stride,5
soul flow,5
soul blues,5
christian hard rock,5
slovak electronic,5
musica nicaraguense,5
classic icelandic pop,5
classical flute,5
italian pop rock,5
smooth jazz,5
classic polish pop,5
smooth saxophone,5
soca,5
classical bass,5
classical saxophone,5
son cubano clasico,5
classic korean pop,5
mainland chinese pop,6
latintronica,6
minneapolis metal,6
joropo,6
lds youth,6
nordic contemporary classical,6
modern power pop,6
juju,6
new orleans rap,6
manchester hip hop,6
norwegian indie,6
livetronica,6
latino comedy,6
north carolina emo,6
madrigal,6
hyperpop,6
k-pop girl group,6
italian baroque ensemble,6
lo-fi beats,6
native american,6
latin talent show,6
native american flute,6
neo-kraut,6
neo-pagan,6
nu jazz,6
musica cristiana guatemalteca,6
neo-synthpop,6
neoclassical darkwave,6
musica canaria,6
hong kong hip hop,6
neurofunk,6
nordic house,6
j-rock,6
jacksonville indie,6
melodic death metal,6
indie anthem-folk,6
latin house,6
nubian traditional,6
metal guitar,6
mashup,6
minimal tech house,6
miami indie,6
horrorcore,6
musica prehispanica,6
minneapolis punk,6
21st century classical,6
nuevo tango,6
uk pop,6
uk house,6
barbadian pop,6
uk funky,6
deep groove house,6
rock gaucho,6
baroque violin,6
deep dnb,6
deep pop edm,6
rock pernambucano,6
deep comedy,6
uk dancehall,6
deathstep,6
deathgrind,6
romanian classical piano,6
dayton indie,6
turkish classical,6
beninese pop,6
bass music,6
bergen indie,6
rochester ny indie,6
rochester mn indie,6
electro-industrial,6
electro latino,6
electra,6
egyptian traditional,6
progressive psytrance,6
psychill,6
puerto rican rock,6
purple sound,6
deep ragga,6
quebec indie,6
drift,6
rap metal,6
vancouver indie,6
diy emo,6
utah indie,6
background piano,6
devon indie,6
deep space rock,6
queer country,6
viral trap,6
rune folk,6
russian choir,6
classic peruvian pop,6
tabla,6
calgary indie,6
swiss pop,6
swedish tropical house,6
south african choral,6
swedish soul,6
christian rock,6
classic psychedelic rock,6
southern americana,6
swedish jazz orkester,6
chinese idol pop,6
swedish eurodance,6
chicago pop punk,6
charlottesville indie,6
swedish dancehall,6
swedish country,6
chamame,6
canadian indie folk,6
turbo folk,6
classic russian pop,6
talent show,6
birmingham hip hop,6
black comedy,6
trancecore,6
boston punk,6
timba,6
scandinavian r&b,6
scandipop,6
scottish electronic,6
sleaze rock,6
scottish hip hop,6
seattle hip hop,6
second line,6
comedy,6
shimmer psych,6
british comedy,6
british death metal,6
sitar,6
tamil hip hop,6
scottish jazz,6
post-screamo,6
baltimore indie,6
argentine indie,6
philly rap,6
argentine punk,6
funk carioca,6
alabama metal,6
alaska indie,6
piano mpb,6
french synthpop,6
french reggae,6
western mass indie,6
pixie,6
polish blues,6
folklore venezolano,6
ambient house,6
polish rock,6
ambient worship,6
polynesian hip hop,6
american choir,6
pet calming,6
gamelan,6
wrestling,6
wu fam,6
nyc pop,6
zhongguo feng,6
nz folk,6
greek house,6
gothic alternative,6
gospel soul,6
york indie,6
adventista,6
folclore jujeno,6
glitchcore,6
organic electronic,6
organic house,6
orkney and shetland folk,6
german post-hardcore,6
orthodox chant,6
afro house,6
pagode baiano,6
gauze pop,6
glee club,6
american early music,6
swamp blues,6
experimental vocal,6
experimental pop,6
experimental jazz,6
ann arbor indie,6
american shoegaze,6
pop nacional antigas,6
pop nacional,6
ethnotronica,6
pop rock brasileiro,6
experimental house,6
argentine hardcore,6
pop emo,6
xhosa,7
taiwan pop,7
taiwan hip hop,7
taiwan indie,7
wyoming indie,7
midwest emo,7
melodic hard rock,7
military cadence,7
tagalog worship,7
makossa,7
ukulele,7
tamil worship,7
tamil pop,7
tango,7
vintage rockabilly,7
vintage dutch pop,7
tape club,7
malian blues,7
malmo indie,7
middle earth,7
technical deathcore,7
vintage chinese pop,7
technical melodic death metal,7
tejano,7
tex-mex,7
vocal harmony group,7
ye ye,7
swedish synthpop,7
melodic groove metal,7
swamp rock,7
swancore,7
swedish choir,7
zouglou,7
viral pop,7
violao,7
modern folk rock,7
swedish death metal,7
swedish electronic,7
zeuhl,7
swedish electropop,7
modern country rock,7
modern bollywood,7
modern blues rock,7
medieval folk,7
swedish hard rock,7
mod revival,7
swedish heavy metal,7
yugoslav rock,7
swedish house,7
yugoslav new wave,7
mellow gold,7
swedish melodic rock,7
magyar alternative,7
swedish power metal,7
yorkshire folk,7
vintage spanish pop,7
microtonal,7
melodic deathcore,7
math rock,7
microhouse,7
thai folk rock,7
texas latin rap,7
turkish trap pop,7
wisconsin indie,7
tzadik,7
wind quintet,7
variete francaise,7
uilleann pipes,7
manguebeat,7
messianic praise,7
western swing,7
merseybeat,7
uk dnb,7
western saharan folk,7
melodic thrash,7
turkish pop,7
west end,7
mento,7
west australian hip hop,7
vancouver punk,7
vancouver metal,7
uk hip hop,7
wave,7
uptempo hardcore,7
washington indie,7
memphis blues,7
uk pop punk,7
wassoulou,7
modern old-time,7
ukrainian electronic,7
vaporwave,7
texas country,7
turkish folk,7
volksmusik,7
vintage chanson,7
mambo,7
villancicos,7
thai pop,7
theme,7
melodic metalcore,7
viking folk,7
miami bass,7
worship,7
vermont indie,7
world worship,7
tollywood,7
trad jazz catala,7
mandolin,7
mexican rock-and-roll,7
traditional bluegrass,7
venezuelan rock,7
transpop,7
mexican pop,7
trash rock,7
world fusion,7
trival,7
venezuelan indie,7
mexican classic rock,7
truck-driving country,7
tuareg guitar,7
velha guarda,7
women's choir,7
vocal house,7
tropical,7
slovenian electronic,7
supergroup,7
new jersey punk,7
new jersey rap,7
new mexico music,7
psicodelia brasileira,7
new orleans jazz,7
progressive bluegrass,7
prog quebec,7
preschool children's music,7
psychedelic blues-rock,7
newcastle nsw indie,7
power metal,7
post-teen pop,7
post-romantic era,7
post-punk argentina,7
post-disco soul,7
portland punk,7
nisiotika,7
noise pop,7
power-pop punk,7
psychedelic folk,7
new jersey indie,7
psychedelic punk,7
rock baiano,7
rock andaluz,7
neo-traditional bluegrass,7
rhythm and blues,7
rhode island indie,7
regional mexican,7
reggae rock,7
reggae,7
redneck,7
red dirt,7
rare groove,7
rap dominicano,7
new age,7
new americana,7
rai,7
queercore,7
quebec death metal,7
punk rock italiano,7
new jersey hardcore,7
pop rock,7
rock brasiliense,7
nordic folk,7
nordic orchestra,7
panamanian rock,7
norwegian singer-songwriter,7
pagode,7
outlaw country,7
oshare kei,7
nu age,7
organic ambient,7
orchestra,7
norwegian metal,7
opm,7
old-time fiddle,7
old-time,7
old school hip hop,7
old school dancehall,7
oklahoma country,7
nueva ola peruana,7
nuevo flamenco,7
nyhc,7
ontario indie,7
papuri,7
perth indie,7
phoenix indie,7
nordic soundtrack,7
pop edm,7
pop dance,7
pop argentino,7
norteno,7
polka,7
north carolina hip hop,7
polish modern jazz,7
north carolina roots,7
pirate,7
pinoy traditional,7
pinoy rock,7
pinoy praise,7
norwegian black metal,7
norwegian classical,7
pinoy indie,7
norwegian death metal,7
piano cover,7
piano blues,7
pop r&b,7
modern rock,7
rock drums,7
rock nacional,7
soundtrack,7
sound art,7
souldies,7
soft rock,7
social media pop,7
smooth soul,7
musica llanera,7
slowcore,7
south african alternative,7
nuevo regional mexicano,7
slack-key guitar,7
sky room,7
ska revival,7
ska jazz,7
ska,7
sierreno,7
show tunes,7
shoegaze,7
slc indie,7
south african jazz,7
musica ayacuchana,7
southern metal,7
strut,7
string orchestra,7
string band,7
stomp pop,7
stomp and holler,7
steel guitar,7
montreal indie,7
st louis rap,7
spytrack,7
spanish synthpop,7
spanish rock,7
spanish noise pop,7
spanish new wave,7
mountain dulcimer,7
spanish modern rock,7
spanish indie pop,7
southern soul blues,7
southern soul,7
southern rock,7
shimmer pop,7
rock en espanol,7
shanty,7
shakuhachi,7
muzica populara,7
narodna muzika,7
russian chanson,7
russian alternative rock,7
rumba,7
nashville indie,7
rosary,7
roots rock,7
russian folk,7
roots reggae,7
romanian rock,7
roda de samba,7
nederpop,7
rockabilly en espanol,7
neo kyma,7
rock-and-roll,7
rock steady,7
rock nacional brasileiro,7
nashville sound,7
russian folk rock,7
musique touareg,7
russian rock,7
sertanejo tradicional,7
musica sarda,7
musica tradicional cubana,7
sertanejo,7
serialism,7
scottish singer-songwriter,7
musica tropical guatemalteca,7
scottish indie,7
scorecore,7
saskatchewan indie,7
samba-rock,7
samba moderno,7
samba,7
salsa venezolana,7
salsa puertorriquena,7
salsa international,7
salsa,7
sad rap,7
russian romanticism,7
shamanic,7
retro soul,7
zydeco,7
lovers rock,7
glitch,7
chamber orchestra,7
chamber folk,7
cha-cha-cha,7
gospel blues,7
gospel singers,7
celtic rock,7
celtic punk,7
celtic,7
gothenburg metal,7
cello,7
caucasian classical,7
chamber psych,7
cartoon,7
cantopop,7
cante flamenco,7
greek contemporary classical,7
greek guitar,7
cantautor,7
greek pop,7
greek swing,7
canadian soundtrack,7
grime,7
groove metal,7
canadian punk,7
grupera,7
canzone genovese,7
chanson,7
girl group,7
charanga,7
classic country pop,7
classic cantopop,7
classic belgian pop,7
circuit,7
chutney,7
futurepop,7
gabba,7
christian uplift,7
christian relaxative,7
gaita zuliana,7
galante era,7
gaming edm,7
garage house,7
christian metalcore,7
garage psych,7
choro,7
geek folk,7
chinese audiophile,7
geek rock,7
chihuahua indie,7
german jazz,7
german orchestra,7
chicago soul,7
german punk,7
german soundtrack,7
chattanooga indie,7
ghanaian hip hop,7
gruperas inmortales,7
guaracha,7
canadian psychedelic,7
canadian experimental,7
hollywood,7
honky tonk,7
hopebeat,7
broadway,7
huayno,7
hula,7
british soul,7
british post-rock,7
british orchestra,7
hungarian choir,7
hungarian classical performance,7
hungarian folk,7
british blues,7
hurdy-gurdy,7
brill building pop,7
brazilian soul,7
icelandic classical,7
icelandic electronic,7
icelandic experimental,7
icelandic folk,7
brazilian classical piano,7
icelandic indie,7
icelandic pop,7
idaho indie,7
bouzouki,7
bouncy house,7
bounce,7
broken beat,7
classic danish pop,7
hoerspiel,7
brutal deathcore,7
haitian traditional,7
halloween,7
canadian contemporary r&b,7
hangpan,7
happy hardcore,7
canadian contemporary country,7
canadian comedy,7
hard alternative,7
deep southern trap,7
hard minimal techno,7
hardcore techno,7
canadian celtic,7
canadian americana,7
cameroonian pop,7
harmonica blues,7
calming instrumental,7
healing,7
cajun,7
c86,7
hindi hip hop,7
c-pop,7
hindustani classical,7
hip hop cubano,7
bubblegum pop,7
bubblegum dance,7
historic classical performance,7
bubble trance,7
historical keyboard,7
funk,7
classic french pop,7
frenchcore,7
dutch cabaret,7
dutch dnb,7
danseband,7
danish punk,7
danish metal,7
danish electropop,7
dance-punk,7
dance pop,7
czech classical piano,7
czech classical,7
cumbia villera,7
cumbia sonidera,7
early american folk,7
cumbia paraguaya,7
cumbia lagunera,7
early modern classical,7
early music,7
early music choir,7
early reggae,7
cumbia chilena,7
cumbia,7
cubaton,7
cuatro venezolano,7
ebm,7
croatian rock,7
croatian pop,7
cowpunk,7
dutch blues,7
country rock,7
duranguense,7
dark cabaret,7
deep southern soul,7
desert blues,7
desi hip hop,7
desi pop,7
destroy techno,7
deep norteno,7
detskie pesni,7
deep new americana,7
disco,7
disco house,7
diva house,7
dominican pop,7
doo-wop,7
deep indian pop,7
deep house,7
double drumming,7
downtempo,7
deep freestyle,7
dream pop,7
deep free jazz,7
deep ccm,7
drone folk,7
dub,7
deep acoustic pop,7
deathcore,7
dc hardcore,7
duduk,7
dansktop,7
boston metal,7
country road,7
country dawn,7
focus beats,7
classical contralto,7
folk metal,7
classical cello,7
folk rock,7
classical,7
classic venezuelan pop,7
classic uk pop,7
folklore chileno,7
folklore peruano,7
classic turkish pop,7
fort worth indie,7
freak folk,7
classic thai pop,7
classic soundtrack,7
classic soul,7
classic russian rock,7
classic praise,7
freestyle,7
french classical piano,7
french indie pop,7
french jazz,7
classic norwegian pop,7
classic mandopop,7
french pop,7
classic israeli pop,7
classic greek pop,7
focus,7
country pop,7
classical harp,7
float house,7
country boogie,7
electro,7
electro jazz,7
country,7
electropop,7
corridos tumbados,7
emocore,7
enka,7
corrido,7
entehno,7
contemporary country,7
contemporary classical,7
esperanto,7
connecticut indie,7
etherpop,7
comic,7
comedy rap,7
classical piano trio,7
europop,7
euroska,7
classical piano duo,7
classical organ,7
classical oboe,7
experimental indie,7
experimental rock,7
filmi,7
flamenco,7
classical mandolin,7
indian instrumental,7
canadian children's music,7
deep talent show,7
afrofuturismo brasileiro,7
latin jazz,7
axe,7
avant-garde metal,7
afropop,7
japanese chillhop,7
latin funk,7
japanese electropop,7
jamgrass,7
latin classical,7
alabama indie,7
australian post-punk,7
australian indie,7
australian hip hop,7
japanese jazz,7
australian garage punk,7
australian dance,7
japanese jazz fusion,7
australian singer-songwriter,7
afrofuturism,7
jam band,7
afro psych,7
bandoneon,7
italian jazz,7
lebanese pop,7
afghan pop,7
bandolim,7
italian opera,7
italian orchestra,7
italian renaissance,7
italian soundtrack,7
italo dance,7
african reggae,7
banda caliente,7
latin rock,7
ballroom,7
ballet class,7
balkan brass,7
bakersfield sound,7
background music,7
bachata dominicana,7
latin afrobeat,7
banjo,7
australian children's music,7
japanese piano,7
jazz rap,7
kingston on indie,7
kids dance party,7
arabic jazz,7
jazz venezolano,7
jazz violin,7
alternative r&b,7
arab folk,7
jazz mexicano,7
alternative rock,7
kentucky mountain folk,7
kentucky indie,7
animal singing,7
jovem guarda,7
jug band,7
anadolu rock,7
american modern classical,7
kaneka,7
anti-folk,7
argentine rock,7
jazz guitar,7
kirtan,7
late romantic era,7
indian jazz,7
japanese post-hardcore,7
laiko,7
la indie,7
austin americana,7
japanese singer-songwriter,7
koto,7
alternative americana,7
japanese traditional,7
japanese vgm,7
jazz accordion,7
art pop,7
armenian folk,7
jazz blues,7
arkansas hip hop,7
jazz brass,7
jazz colombiano,7
jazz cubano,7
japanese metalcore,7
italian baroque,7
zurich indie,7
acoustic blues,7
irish fiddle,7
indie pop,7
irish ballad,7
belarusian rock,7
indie poptimism,7
indie quebecois,7
acoustic pop,7
belly dance,7
indie r&b,7
indie rock,7
lo-fi house,7
a cappella,7
acid house,7
liquid funk,7
indie jazz,7
indie rockism,7
indie soul,7
indiecoustica,7
bluegrass,7
bengali folk,7
lo-fi,7
blackened crust,7
black punk,7
indonesian r&b,7
bhajan,7
black 'n' roll,7
lo-fi chill,7
birmingham grime,7
birdsong,7
lo-fi brasileiro,7
bluegrass fiddle,7
beatboxing,7
belarusian pop,7
beach music,7
8-bit,7
barbershop,7
acoustic rock,7
boogie-woogie,7
boogie,7
indie folk,7
bassline,7
baton rouge indie,7
[],7
bay area indie,7
indie hip hop,7
irish hip hop,7
blues mexicano,7
irish pub song,7
instrumental bluegrass,7
irish folk,7
louisiana blues,7
la pop,8
pinoy hip hop,8
tamaulipas rap,8
psychedelic folk rock,8
estonian pop,8
fluxwork,8
deep smooth jazz,8
electropowerpop,8
albany ny indie,8
cowboy western,8
classic czech pop,8
screamo,8
contemporary vocal jazz,8
cumbia salvadorena,8
american classical piano,8
faroese pop,8
historic piano performance,8
milwaukee indie,8
jazz chileno,8
brazilian contemporary classical,8
clean comedy,8
nepali indie,8
arabesk,8
folklore ecuatoriano,8
sandalwood,8
south african rock,8
polish post-rock,8
minimal melodic techno,8
singaporean singer-songwriter,8
british children's music,8
violao classico,8
indie game soundtrack,8
nepali pop,8
korean classical piano,8
thai idol,8
trap mexicano,8
modern big band,8
kleine hoerspiel,8
french contemporary classical,8
west coast reggae,8
easycore,8
boy soprano,8
gujarati garba,8
medieval,8
punk rock mexicano,8
uzbek traditional,8
native american hip hop,8
japanese alternative rock,8
belgian singer-songwriter,8
ambient idm,8
japanese indie rock,8
rap underground mexicano,8
glitch hop,8
norwegian pop,8
lgbtq+ hip hop,8
gospel italiano,8
gospel rap,8
chicago punk,8
lexington ky indie,8
j-division,8
musica gaucha tradicionalista,8
okc indie,8
cathedral choir,8
african rock,8
cape town indie,8
marching band,8
musica piemonteisa,8
candy pop,8
bandinhas,8
bass trap,8
rap chileno,8
canadian pop punk,8
j-pixie,8
dutch jazz,8
emo mexicano,8
deep melodic metalcore,8
ryukyu ongaku,8
wonky,8
pakistani folk,8
chinese classical performance,8
modular synth,8
christian power metal,8
vapor soul,8
albanian pop,8
christchurch indie,8
outsider house,8
german alternative rock,8
christian metal,8
chill lounge,8
dixieland,8
outer hip hop,8
german country,8
psychedelic trance,8
oth indie,8
deathrock,9
roots americana,9
yacht rock,9
rock keyboard,9
deep r&b,9
rockabilly,9
scottish new wave,9
sacramento indie,9
scottish rock,9
riot grrrl,9
yodeling,9
women's music,9
deep contemporary country,9
west african jazz,9
cosmic american,9
corrosion,9
deathgrass,9
alternative roots rock,9
san antonio rap,9
acid trance,9
danspunk,9
alternative country,9
cuarteto,9
world,9
dance rock,9
san diego indie,9
san marcos tx indie,9
danish pop,9
crust punk,9
acoustic punk,9
cumbia andina mexicana,9
zolo,9
russian orchestra,9
alternative pop,9
rock kapak,9
albuquerque indie,9
deep psychobilly,9
zimdancehall,9
rock,9
russian shoegaze,9
russian jazz,9
wyoming roots,9
album rock,9
yoik,9
adoracion,9
boston hardcore,9
serbian electronic,9
canadian electropop,9
baroque pop,9
swedish post-hardcore,9
canadian indie,9
swedish indie pop,9
bangla,9
canadian rock,9
swedish hardcore,9
canadian singer-songwriter,9
swedish garage rock,9
uk post-punk,9
swedish progressive metal,9
uk reggae,9
uk rockabilly,9
carnatic instrumental,9
surf music,9
sunshine pop,9
uk82,9
street punk,9
chamber pop,9
bachata,9
champeta,9
channel pop,9
chanson paillarde,9
canzone d'autore,9
swedish synth,9
beatlesque,9
twoubadou,9
traditional folk,9
traditional rockabilly,9
bossa nova jazz,9
brazilian boogie,9
blues rock,9
tipico,9
brazilian hip hop,9
brazilian rock,9
texas punk,9
brazilian ska,9
tango cancion,9
british invasion,9
bluegrass gospel,9
triangle indie,9
birmingham metal,9
tucson indie,9
tuna estudiantil,9
taiwan classical performance,9
bush ballad,9
turkish classical performance,9
synthpop,9
belgian techno,9
swiss rock,9
bedroom soul,9
swing revival,9
stl indie,9
ambient folk,9
steampunk,9
vallenato,9
art rock,9
art punk,9
slayer,9
vintage swing,9
slavic folk metal,9
arkansas country,9
classical guitar,9
violin,9
argentine telepop,9
ska punk,9
ska argentino,9
classic rock,9
argentine reggae,9
appalachian folk,9
classify,9
clawhammer banjo,9
shred,9
coco,9
college a cappella,9
colombian pop,9
concepcion indie,9
anarcho-punk,9
american metalcore,9
american contemporary classical,9
singer-songwriter,9
atmospheric post-metal,9
classic pakistani pop,9
atmospheric sludge,9
austropop,9
australian talent show,9
spanish pop rock,9
australian ska,9
chillstep,9
chinese hip hop,9
spa,9
chiptune,9
australian rock,9
australian post-hardcore,9
vaudeville,9
australian metalcore,9
australian metal,9
classic bollywood,9
australian classical,9
austindie,9
classic garage rock,9
victorian britain,9
classic hardstyle,9
austin singer-songwriter,9
sophisti-pop,9
son jarocho,9
classic italian pop,9
vietnamese bolero,9
vietnamese pop,9
v-pop,9
classic girl group,9
deep techno,9
deep uplifting trance,9
french soundtrack,9
funk das antigas,9
funk metal,9
funk pop,9
funk rock,9
japanese prog,9
permanent wave,9
parody,9
garage rock,9
modern swing,9
gbvfi,9
modern blues,9
p funk,9
german hard rock,9
japanese city pop,9
german pop,9
german techno,9
musica alagoana,9
german trance,9
ghazal,9
glam metal,9
glam punk,9
glam rock,9
gothic americana,9
japanese emo,9
gothic metal,9
french rock,9
pinoy reggae,9
post-punk,9
post-hardcore,9
ethereal wave,9
portuguese early music,9
jazz tuba,9
portland indie,9
jazz rock,9
jazz flute,9
porro,9
euphoric hardstyle,9
military rap,9
modern alternative pop,9
experimental big band,9
minneapolis indie,9
folclore navarra,9
folk,9
pony,9
folk rock italiano,9
polish reggae,9
folklore veracruzano,9
folktronica,9
freakbeat,9
jawaiian,9
plunderphonics,9
experimental guitar,9
oi,9
ohio indie,9
j-dance,9
northern irish punk,9
north east england indie,9
north carolina indie,9
nordic classical piano,9
nashville singer-songwriter,9
instrumental surf,9
no wave,9
instrumental rock,9
instrumental math rock,9
neo classical metal,9
newcastle indie,9
norwegian choir,9
new zealand classical,9
new weird america,9
new wave pop,9
new wave,9
new romantic,9
new orleans funk,9
ilocano pop,9
indian edm,9
indietronica,9
neo-rockabilly,9
indie electropop,9
new age piano,9
new york drill,9
heartland rock,9
norwegian experimental,9
hawaiian,9
oceania soundtrack,9
italo house,9
grave wave,9
musica jibara,9
nz punk,9
nz hardcore,9
gregorian chant,9
grunge,9
musica popular colombiana,9
nwobhm,9
italian metal,9
guitarra clasica,9
gypsy jazz,9
italian gothic metal,9
nueva cancion,9
italian gothic,9
gypsy punk,9
italian adult pop,9
novelty,9
nova canco,9
hard rock,9
hardstyle,9
lund indie,9
norwegian rock,9
norwegian punk rock,9
emo punk,9
emo,9
indie rock mexicano,9
protopunk,9
louisiana metal,9
korean classical performance,9
progressive metal,9
mathcore,9
latin,9
rap napoletano,9
r&b en espanol,9
merengue tipico,9
relaxative,9
latin alternative,9
mbalax,9
e6fi,9
latin american classical piano,9
lo-fi emo,9
progressive post-hardcore,9
progressive power metal,9
metal,9
duluth indie,9
melancholia,9
kabarett,9
progressive sludge,9
latin christian,9
progressive jazz fusion,9
dream trance,9
mexican classical,9
eau claire indie,9
puerto rican pop,9
mantra,9
electroclash,9
punk 'n' roll,9
pub rock,9
punk blues,9
latin tech house,9
malaysian pop,9
dutch indie,9
electric blues,9
melodic dubstep,9
lilith,9
jig and reel,9
rap conscient,9
merengue,9
dub metal,9
mexican rock,9
progressive uplifting trance,9
tecnobanda,10
bahamian folk,10
native american spiritual,10
breton folk,10
technical thrash,10
jazztronica,10
string quartet,10
electronica,10
j-reggae,10
japanese electronic,10
german choir,10
austrian orchestra,10
thai folk,10
motivation,10
texas pop punk,10
music box,10
jamtronica,10
gospel antigas,10
spirituals,10
bible,10
breakbeat,10
charango,10
oratory,10
channel islands indie,10
russian pop,10
dutch metal,10
opera chorus,10
russian trance,10
ghent indie,10
danish hip hop,10
j-pop,10
barnmusik,10
leicester indie,10
drama,10
tamaulipas indie,10
dub poetry,10
swing italiano,10
irish classical,10
swiss classical piano,10
nu skool breaks,10
israeli hip hop,10
haryanvi pop,10
historic string quartet,10
islamic recitation,10
symphonic metal,10
uk alternative hip hop,10
deep delta blues,10
synthwave,10
beat poetry,10
nantes indie,10
rabindra sangeet,10
uk noise rock,10
dark techno,10
technical groove metal,10
carnatic vocal,10
british alternative rock,10
carnatic,10
danish electronic,10
banda,10
gqom,10
chill pop,10
canterbury scene,10
oakland hip hop,10
quartetto d'archi,10
cancion melodica,10
belgian indie,10
nl folk,10
guidance,10
quran,10
dark disco,10
instrumental soul,10
canadian latin,10
belgian indie rock,10
chillhop,10
mongolian hip hop,10
abstract beats,10
jazz boom bap,10
vintage swedish pop,10
traditional soul,10
vintage schlager,10
louvor,10
scam rap,10
classical era,10
vintage old-time,10
folklore boliviano,10
k-pop,10
vintage jazz,10
mexican hip hop,10
vintage hollywood,10
delta blues,10
classic punjabi pop,10
traditional country,10
art song,10
asmr,10
french movie tunes,10
mexican pop punk,10
viola,10
trance,10
crack rock steady,10
corridos cristianos,10
electronic rock,10
post-post-hardcore,10
post-minimalism,10
arab groove,10
vocal ensemble,10
jewish hip hop,10
blues latinoamericano,10
miami metal,10
classic japanese jazz,10
scottish metal,10
jazz metal,10
new beat,10
collage pop,10
popwave,10
deep soft rock,10
popgaze,10
pop violin,10
singaporean pop,10
experimental dub,10
trap dominicano,10
atlanta indie,10
vintage french electronic,10
modern performance,10
japanese new wave,10
future funk,10
australian choir,10
cuban rumba,10
modern reggae,10
southern gospel,10
christian a cappella,10
detroit trap,10
modern string quartet,10
chinese r&b,10
alternative pop rock,10
modern uplift,10
japanese idm,10
big beat,10
latincore,10
mongolian pop,10
sacramento hip hop,10
funky breaks,10
classic colombian pop,10
buffalo ny indie,10
full on,10
torch song,10
son cubano,10
classic italian folk pop,10
french psychedelic,10
japanese r&b,10
deep regional mexican,10
classic eurovision,10
brass quintet,10
french techno,10
madchester,11
big room,11
neo-singer-songwriter,11
trap triste,11
indy indie,11
neo-psychedelic,11
mallet,11
lo-fi cover,11
industrial hardcore,11
trio cubano,11
native american contemporary,11
manitoba indie,11
bedroom pop,11
bleep techno,11
tropical house,11
industrial hip hop,11
london rap,11
belgian dance,11
belgian edm,11
navajo,11
trova,11
mande pop,11
bitpop,11
instrumental grime,11
black thrash,11
neo soul,11
twee pop,11
nashville hip hop,11
neo r&b,11
liedermacher,11
black metal,11
baglama,11
uk contemporary jazz,11
japanese rockabilly,11
kentucky hip hop,11
metal mineiro,11
ambient,11
kentucky roots,11
japanese power metal,11
modern hard rock,11
japanese jazztronica,11
indie shoegaze,11
modern ska punk,11
venezuelan hip hop,11
modern southern rock,11
vegas indie,11
vegan straight edge,11
japanese heavy metal,11
viking black metal,11
kc indie,11
viking metal,11
atlanta punk,11
visual kei,11
argentine heavy metal,11
virginia hip hop,11
anthem worship,11
anime rock,11
mexican traditional,11
arizona punk,11
japanese garage rock,11
minecraft,11
minneapolis sound,11
minnesota hip hop,11
american primitive,11
mississippi indie,11
welsh folk,11
vintage gospel,11
athens indie,11
minimal wave,11
western americana,11
japanese dream pop,11
autoharp,11
afroswing,11
medieval rock,11
italian disco,11
israeli mediterranean,11
afro soul,11
baroque woodwind,11
latin metal,11
musica paraibana,11
afro dancehall,11
uk dub,11
uk doom metal,11
israeli folk,11
marimba orquesta,11
latin worship,11
bay area hip hop,11
irish pop,11
latin ska,11
naija worship,11
musica juiz-forana,11
j-metal,11
japanese classical piano,11
kiwi rock,11
autonomous black metal,11
azonto,11
azontobeats,11
korean pop,11
lafayette indie,11
melbourne bounce international,11
alberta hip hop,11
underground rap,11
bahamian pop,11
bajki,11
j-punk,11
j-pop girl group,11
ukrainian classical piano,11
witch house,11
musica aragonesa,11
modern psychedelic folk,11
canadian blues,11
neue deutsche welle,11
pop reggaeton,11
popping,11
eurodance,11
cleveland metal,11
portland hip hop,11
sheffield indie,11
columbus ohio indie,11
portland metal,11
shabad,11
complextro,11
connecticut hardcore,11
sertanejo universitario,11
sertanejo pop,11
post-grunge,11
power thrash,11
electro house,11
progressive deathcore,11
progressive electro house,11
country rap,11
el paso indie,11
progressive house,11
edm,11
ecuadorian pop,11
experimental hip hop,11
fidget house,11
ska chileno,11
florida death metal,11
peruvian hip hop,11
peruvian rock,11
south african hip hop,11
classic dubstep,11
funana,11
piano rock,11
classic iskelma,11
french shoegaze,11
solipsynthm,11
french post-punk,11
classic j-rock,11
ectofolk,11
pittsburgh indie,11
free folk,11
small room,11
sludge metal,11
slovenian metal,11
poetry,11
polca paraguaya,11
polish classical,11
polynesian pop,11
fo jing,11
florida rap,11
ska mexicano,11
classic persian pop,11
funky tech house,11
san diego rap,11
proto-rap,11
death metal,11
dubstep,11
romanian electronic,11
dub techno,11
deep big room,11
drill and bass,11
dreamo,11
deep disco,11
deep east coast hip hop,11
dreamgaze,11
rock independant francais,11
rave,11
deep idm,11
rock cristiano,11
doom metal,11
deep indie singer-songwriter,11
reading,11
digital hardcore,11
detroit techno,11
reggaeton colombiano,11
denpa-kei,11
rif,11
rennes indie,11
death 'n' roll,11
dark post-punk,11
roots worship,11
quiet storm,11
cuban alternative,11
east coast reggae,11
early us punk,11
cumbia colombiana regia,11
psychedelic pop,11
early avant garde,11
cumbia pop,11
cumbia santafesina,11
dutch trance,11
psychobilly,11
dutch rock,11
progressive trance house,11
dutch rap pop,11
czech contemporary classical,11
d-beat,11
dakke dak,11
dutch pop,11
punk,11
danish alternative rock,11
dutch hip hop,11
qawwali,11
danish post-punk,11
danish singer-songwriter,11
dutch edm,11
dutch prog,11
neue deutsche todeskunst,11
south african pop dance,11
pei indie,11
hungarian edm,11
british contemporary classical,11
british grindcore,11
noise punk,11
noise rock,11
britpop,11
house,11
horror synth,11
hokkien pop,11
brooklyn indie,11
hiplife,11
taiwan campus folk,11
hip house,11
syrian pop,11
synth funk,11
hindi indie,11
sydney indie,11
cambridge choir,11
harlem hip hop,11
swiss black metal,11
swedish underground rap,11
nova musica pernambucana,11
nu gaze,11
hungarian techno,11
brit funk,11
bristol indie,11
nigerian pop,11
trap argentino,11
new comedy,11
boston folk,11
indie electronica,11
new jack swing,11
indian indie,11
boston hip hop,11
boston indie,11
ilahiler,11
idol rock,11
new orleans indie,11
hands up,11
new rave,11
thrash core,11
brazilian groove metal,11
brazilian indie,11
brazilian metal,11
brazilian reggae,11
nigerian hip hop,11
brazilian thrash metal,11
tennessee metal,11
tennessee hip hop,11
breakcore,11
brighton indie,11
brazilian edm,11
south carolina indie,11
nu-metalcore,11
canadian hardcore,11
speed metal,11
children's story,11
chilean hardcore,11
chilean indie,11
chilean rock,11
chill beats,11
chill out,11
oxford indie,11
chillwave,11
spanish hip hop,11
spanish folk metal,11
pagan black metal,11
chinese indie,11
space rock,11
chinese indie rock,11
paisley underground,11
garage rock revival,11
chopped and screwed,11
garage punk blues,11
christian alternative rock,11
panamanian pop,11
garage pop,11
southampton indie,11
speedcore,11
spiritual hip hop,11
german heavy metal,11
german power metal,11
swedish metal,11
canadian modern jazz,11
canadian post-rock,11
grunge pop,11
groove room,11
griot,11
canto popular uruguayo,11
swedish black metal,11
oc rap,11
capoeira,11
gothic rock,11
canadian folk,11
gothic post-punk,11
sufi chant,11
ccm,11
gothabilly,11
celtic metal,11
old school thrash,11
old school uk hip hop,11
omaha indie,11
one-person band,11
goregrind,11
orgcore,11
chicago hardcore,11
okinawan pop,11
jangle pop,11
