genres,liveness
birmingham hip hop,0.0222
cumbia santafesina,0.0225
industrial hardcore,0.0239
speedcore,0.0239
reggaeton mexicano,0.0302
hiplife,0.0358
vogue,0.0381
folclore navarra,0.04
musica para criancas,0.044500000000000005
tuna estudiantil,0.0447
concepcion indie,0.0472
pianissimo,0.0506
romanian electronic,0.0517
danish hip hop,0.054000000000000006
breakcore,0.0548
hawaiian indie,0.0557
british children's music,0.0561
swedish rock-and-roll,0.0562
ukrainian pop,0.0567
chinese indie rock,0.0568
cameroonian pop,0.0587
tunisian pop,0.059000000000000004
classic tunisian pop,0.059000000000000004
kentucky metal,0.0594
new zealand classical,0.0601
modern psychedelic folk,0.06026666666666666
german indie,0.06065
punjabi hip hop,0.061
norwegian hip hop,0.0658
capoeira,0.0663
irish dance,0.0668
christian dance,0.0672
cymraeg,0.0673
north east england indie,0.0676
salsa cubana,0.0676
marathi pop,0.068
classical piano duo,0.0682
ritmo kombina,0.06953333333333334
japanese concert band,0.0704
alte,0.0705
danish punk,0.071
greek jazz,0.0713
urbano espanol,0.07165
brass quintet,0.0718
gabonese pop,0.0724
kizomba antigas,0.0724
ugandan pop,0.0724
finnish soul,0.0724
atmospheric dnb,0.0724
depressive black metal,0.0728
j-ambient,0.07295
chinese classical piano,0.07390000000000001
juju,0.07396666666666668
j-dance,0.0744
dembow,0.07467857142857143
finnish heavy metal,0.0748
experimental indie,0.0748
neurofunk,0.0749
deep dnb,0.0749
dubsteppe,0.075
south african house,0.07513333333333334
musica canaria,0.07566666666666666
baroque woodwind,0.0757
experimental big band,0.0757
afro soul,0.0764
australian choir,0.0766
sefardi,0.07675000000000001
guadalajara indie,0.07683999999999999
serbian electronic,0.0769
italo house,0.07700769230769232
partyschlager,0.07776666666666666
virgin islands reggae,0.07807499999999999
hungarian techno,0.0782
hungarian edm,0.0782
canadian classical piano,0.07842105673316704
uk dub,0.07869999999999999
neotango,0.0792
hindi hip hop,0.07925
accordeon,0.0794
electrofox,0.07951666666666664
italian jazz,0.08006666666666667
dutch rap pop,0.08022666666666667
hard minimal techno,0.08043846153846154
manchester indie,0.0807
uk house,0.0809
basshall,0.08106666666666668
deep techno,0.0811
belgian techno,0.0811
japanese vocal jazz,0.08249999999999999
nordic classical piano,0.08266785714285715
chinese jazz,0.0829
son jarocho,0.08305
cornish folk,0.0832
alaska indie,0.0832
baltimore hip hop,0.08338333333333334
portuguese early music,0.0837
kabyle,0.0837
rock gaucho,0.0838
pop rock brasileiro,0.0838
dutch dnb,0.0839
albanian pop,0.0839
italian classical guitar,0.0843
corridos cristianos,0.0844
tamaulipas rap,0.0845
jewish cantorial,0.0847
makossa,0.0847
musica para ninos,0.0847952380952381
musique pour enfant quebecois,0.0848
ambient industrial,0.0849
norwegian choir,0.085
yoik,0.085
hauntology,0.08535
italian modern prog,0.0854
flick hop,0.0856
belgian contemporary classical,0.086
dutch classical piano,0.08608333333333333
israeli classical piano,0.08612320261437909
trap venezolano,0.0863
detske pisnicky,0.0866
spanish techno,0.08662500000000001
musical advocacy,0.08687500000000001
guzheng,0.0869
belgian indie rock,0.0874
ghent indie,0.0874
afghan pop,0.0874607142857143
tucson indie,0.08756666666666668
chinese classical,0.0878
chinese soundtrack,0.0878
space ambient,0.08803333333333334
yugoslav new wave,0.0881
chinese classical performance,0.08812500000000001
esperanto,0.0883
czech contemporary classical,0.0886
stl indie,0.08873333333333333
kaneka,0.08880588235294118
monterrey indie,0.0889
muzika l'yeladim,0.08895
dark techno,0.08928999999999998
australian post-hardcore,0.0894
japanese electronic,0.08945
japanese idm,0.08945
zouk,0.08967777777777779
bristol electronic,0.0897
musique peule,0.09
turkish modern jazz,0.09
nubian traditional,0.09004999999999999
blues mexicano,0.09004999999999999
egyptian traditional,0.09004999999999999
koto,0.09008333333333332
polish modern jazz,0.0901
south african pop dance,0.0902
korean indie rock,0.0906
eastern bloc groove,0.091
rap dominicano,0.0914877551020408
slovenian metal,0.0915
women's choir,0.0915
progressive deathcore,0.0915
russian shoegaze,0.09155
new orleans indie,0.09166666666666666
lo-fi vgm,0.0917
polish reggae,0.0919
folclor colombiano,0.09206521739130434
musica andina colombiana,0.09206521739130434
pop peruano,0.09214333333333333
quartetto d'archi,0.0925
kora,0.09273333333333332
berlin minimal techno,0.09300000000000001
latvian pop,0.09313333333333333
classic latvian pop,0.09313333333333333
asbury park indie,0.0932
deep southern soul,0.0932
deep minimal techno,0.09324166666666668
fluxwork,0.0933
indonesian worship,0.0934
swedish tropical house,0.09345
newcastle indie,0.0936
afro-funk,0.09370370370370372
german house,0.09373333333333334
caucasian classical piano,0.0938
sydney indie,0.0938
ambient techno,0.0939
dutch hip hop,0.09395
lute,0.094
southern americana,0.09408
garage house,0.09412909090909093
geek folk,0.09433333333333332
swedish idol pop,0.0947
chattanooga indie,0.0949
danseband,0.0954
baltic classical,0.09545
denpa-kei,0.09565
albany ny indie,0.0957
french classical piano,0.09570139221585956
jordanian pop,0.0958
classic thai pop,0.0959
latin funk,0.09616
focus beats,0.0963
lo-fi brasileiro,0.0963
bahai,0.0963
australian indie rock,0.0964
pop folk,0.09642384615384617
irish indie,0.0965
american 21st century classical,0.0968
spanish indie pop,0.0968
icelandic jazz,0.0968
contemporary choir,0.0968
nashville americana,0.09681000000000001
qawwali,0.09690416666666668
pei indie,0.0971
south dakota indie,0.09726666666666668
dark disco,0.09735
musica afroperuana,0.0975
hungarian contemporary classical,0.0975
colombian hip hop,0.097575
minimal melodic techno,0.0976
south african rock,0.09767311827956987
hungarian rock,0.0977
hungarian pop,0.0977
musica sarda,0.097775
merengue tipico,0.09807197802197802
swedish eurodance,0.0981
canadian indigenous hip hop,0.0981
tone,0.09811666666666667
norwegian experimental,0.09813333333333334
swedish synth,0.09815
miami indie,0.0982
kentucky punk,0.09826666666666667
argentine metal,0.0984
belgian classical piano,0.09841666666666668
neo-pagan,0.09846
korean classical piano,0.0986
instrumental progressive metal,0.09865
thall,0.09865
orthodox chant,0.09875
pop electronico,0.09884166666666667
boy soprano,0.09885
deep pop edm,0.09919285714285714
instrumental acoustic guitar,0.09921875
fingerstyle,0.09930194317729267
cape town indie,0.0994
classical harp,0.09954583333333332
canadian rockabilly,0.0996
south carolina metal,0.0996
abstract beats,0.09965333333333334
bush ballad,0.09976
trap chileno,0.0998
mbalax,0.09995
deep melodic metalcore,0.1
slc indie,0.10008888888888888
swedish americana,0.10018541666666668
classic czech pop,0.1002
cambridge choir,0.10026965811965813
chinese instrumental,0.10047777777777778
hawaiian hip hop,0.10051851851851852
japanese classical piano,0.1005785714285714
balkan classical piano,0.100975
french post-punk,0.10099999999999999
australian ambient,0.10099999999999999
traditional funk,0.10099999999999999
sound art,0.10105
swedish country,0.1011125
classic japanese jazz,0.10118794372294374
broken beat,0.10130000000000004
tzadik,0.10143333333333332
classical guitar,0.10155985499433573
neo-singer-songwriter,0.1018824074074074
deep gothic post-punk,0.102
italian mandolin,0.102
essex indie,0.102
halifax indie,0.102
austrian classical piano,0.10202613636363636
dub poetry,0.10215833333333336
pop nacional antigas,0.10235
west coast reggae,0.10248257142857144
romanian pop,0.10255333333333334
orlando indie,0.10267142857142857
british classical piano,0.10290841025641027
russian trance,0.10300000000000001
college a cappella,0.10300000000000001
pornogrind,0.10300000000000001
french techno,0.10300000000000001
classic korean pop,0.10303333333333332
london rap,0.103275
japanese alternative rock,0.10345
canadian modern jazz,0.1035
irish pop,0.10356900000000002
chakra,0.1037
hangpan,0.10373333333333333
english renaissance,0.10393333333333332
funk mexicano,0.10396666666666668
brazilian contemporary classical,0.10400000000000001
indie shoegaze,0.10400000000000001
italian progressive metal,0.10400000000000001
musica de fondo,0.10400000000000001
deep psychobilly,0.10400000000000001
german renaissance,0.10400000000000001
western americana,0.10401388888888888
arabesk,0.10428
chill guitar,0.10432125603864734
australian r&b,0.10445
classical piano,0.10457125924197123
healing,0.10458355411255407
vocal ensemble,0.10459999999999996
latin american classical piano,0.1046897982021647
belgian indie,0.1047
pinoy trap,0.10473333333333333
tagalog rap,0.10473333333333333
norwegian jazz,0.10475238095238094
guam indie,0.105
gaian doom,0.105
romanian folk,0.10505
panpipe,0.10505
canadian indigenous,0.10524166666666668
finnish power metal,0.10532272727272728
taiwan classical performance,0.10536666666666666
salsa peruana,0.10558440545808967
latin ska,0.10575
russian choir,0.10583333333333332
bajki,0.106
icelandic electronic,0.106
memphis indie,0.106
funky breaks,0.106
pinoy pop punk,0.106
action rock,0.106
ethiopian pop,0.106
variete francaise,0.1061
dark jazz,0.10613000000000004
saskatchewan indie,0.10613071895424836
brisbane indie,0.1062
samba moderno,0.10633888888888887
swedish indie folk,0.1064
drift,0.10676060606060606
roda de samba,0.1068
children's story,0.10688333333333333
musica costena,0.10689972222222224
r&b en espanol,0.1069920634920635
australian classical piano,0.107
ukrainian choir,0.107
yugoslav rock,0.10710833333333332
hungarian classical piano,0.1071177579365079
violao classico,0.10713333333333333
charanga,0.1071398172905526
lexington ky indie,0.10725
classic polish pop,0.1073
irish ballad,0.1074
australian classical,0.10745
guitarra clasica,0.10777047605224964
final fantasy,0.10781617647058823
caucasian classical,0.10798055555555554
scottish jazz,0.10800000000000001
zouglou,0.10800000000000001
japanese indie folk,0.10800000000000001
york indie,0.10815
spanish classical piano,0.10820833333333334
cedm,0.10866538461538464
contrabass,0.10876041666666666
indian fusion,0.10885833333333332
mallet,0.10892777777777778
baroque singing,0.109
binaural,0.109
indie deutschrap,0.109
french contemporary classical,0.109
antilliaanse folklore,0.109
brain waves,0.109
quatuor a cordes,0.10905
pinoy reggae,0.1091379365079365
deep soundtrack,0.10940285714285716
argentine hip hop,0.1094875
canto popular uruguayo,0.1095
argentine reggae,0.10976574074074076
afrofuturismo brasileiro,0.11
nu age,0.11
victoria bc indie,0.11
deep space rock,0.11
australian talent show,0.11
neo-kraut,0.11
pakistani folk,0.1101007142857143
italian library music,0.11013333333333336
griot,0.1103
jewish hip hop,0.11048333333333332
focus,0.1105415343915344
greek contemporary classical,0.110625
israeli techno,0.111
irish metal,0.111
medieval,0.111
cambridgeshire indie,0.111
melodic power metal,0.111
devon indie,0.111
pagode baiano,0.1111
african reggae,0.11122500000000002
gothic black metal,0.11167500000000002
italian classical piano,0.111756
spanish synthpop,0.11183333333333333
norsk lovsang,0.11183333333333334
guatemalan pop,0.11199999999999999
polish rock,0.11199999999999999
polish blues,0.11199999999999999
rock chapin,0.11199999999999999
turkish trap pop,0.11204285714285714
rwandan traditional,0.11225
glitch pop,0.11230000000000002
bard,0.11248888888888887
wind ensemble,0.1125
rochester ny indie,0.112625
wisconsin indie,0.1129
cornwall indie,0.113
brazilian modern jazz,0.113
oceania soundtrack,0.1130027777777778
israeli folk,0.11308541666666665
nordic orchestra,0.11323333333333332
middle earth,0.11328616712553015
ambient worship,0.11332625
japanese r&b,0.11333333333333336
j-reggae,0.11333333333333336
world meditation,0.11335
polish contemporary classical,0.11364
atmosphere,0.11368010204081636
deep ragga,0.1137218181818182
j-division,0.114
derby indie,0.114
polish pop,0.114
faroese pop,0.114
rock pernambucano,0.114
rock kapak,0.114
german country,0.114
indie dream pop,0.11408333333333333
spanish renaissance,0.1141111111111111
pinoy r&b,0.11433333333333333
buffalo ny indie,0.11472000000000004
indie singer-songwriter,0.11475
dutch prog,0.11477777777777776
japanese jazz,0.11482865387711705
hong kong indie,0.115
hong kong rock,0.115
indian edm,0.11523333333333335
hands up,0.11525833333333335
experimental vocal,0.115807805907173
ukulele,0.11580833333333332
latin house,0.11586666666666667
kirtan,0.11588090277777775
turkish classical performance,0.11588333333333335
polca paraguaya,0.11591666666666668
folklore peruano,0.11625
meditation,0.11649993073593075
folkmusik,0.11666666666666667
classic norwegian pop,0.1167
armenian folk,0.11675
duduk,0.11675
calming instrumental,0.11681696864111495
proto-rap,0.11699999999999999
instrumental math rock,0.11699999999999999
lancashire indie,0.11699999999999999
retro metal,0.11746428571428573
bergen indie,0.11754722222222225
hamburg electronic,0.1178
finnish edm,0.11784000000000001
wave,0.11800000000000001
abstract,0.1180666666666667
visor,0.11811111111111113
piano cover,0.11817692307692312
croatian pop,0.11825
croatian rock,0.11825
british singer-songwriter,0.11849211038961036
trinidadian reggae,0.1185
swiss pop,0.1186
post-minimalism,0.11867500000000004
mexican classical,0.11868499999999994
rennes indie,0.1188
indie quebecois,0.11881666666666668
art song,0.11895262877820348
native american spiritual,0.11900000000000001
nz christian,0.11900000000000001
popping,0.11904046216475098
medieval rock,0.11920714285714284
alabama indie,0.11927954545454544
soukous,0.11935
substep,0.11936818181818185
finnish hard rock,0.11938888888888888
baroque brass,0.11953333333333335
italian pop rock,0.1196
ny roots,0.119825
scottish electronic,0.11993557692307695
singing bowl,0.12
footwork,0.12
canadian metalcore,0.12
thai folk rock,0.12
ryukyu ongaku,0.12
outsider house,0.12007520661157026
cathedral choir,0.12016296296296294
minecraft,0.12027657657657655
austropop,0.12028
canadian post-rock,0.12039166666666665
icelandic indie,0.12043210526315787
neo kyma,0.1205
ambient idm,0.1205
trap argentino,0.120625
italian violin,0.12088333333333336
portland indie,0.1209662037037037
swedish jazz orkester,0.121
american early music,0.121
trio cubano,0.121
melbourne indie,0.121
phoenix indie,0.12100000000000002
swedish house,0.12116666666666667
swedish electronic,0.12116666666666667
uk experimental electronic,0.1211805405405405
maine indie,0.12126666666666665
drone folk,0.1212721505376344
classic psychedelic rock,0.121375
spanish folk metal,0.12141428571428572
minimalism,0.12145172228454836
oc rap,0.12154523809523808
asheville indie,0.12166666666666665
experimental ambient,0.121743813872581
latin soundtrack,0.12190075757575755
musica llanera,0.12192760577915375
eau claire indie,0.12192968490878946
rock alternatif francais,0.122
western saharan folk,0.122
tuareg guitar,0.122
experimental house,0.122
musique touareg,0.122
milwaukee indie,0.122125
korean classical performance,0.12221190476190474
chilean hardcore,0.12273
ska chileno,0.12273
barbadian pop,0.12282637992831542
bansuri,0.12293
deep norteno,0.12299537037037038
bible,0.12300000000000001
deep smooth jazz,0.12306666666666667
timba,0.12333333333333335
deep talent show,0.12337938927738927
cumbia villera,0.12340833333333333
french indie folk,0.1235
no wave,0.12350003401360544
musica cristiana guatemalteca,0.12353333333333336
cumbia andina mexicana,0.123634
twoubadou,0.12364375
komedi,0.12369
instrumental grime,0.12388666666666667
venezuelan hip hop,0.12397309941520468
nuevo folklore mexicano,0.124
ghanaian traditional,0.124
gypsy jazz,0.1240141553113553
swiss classical piano,0.12452146464646464
pop venezolano,0.12456190476190475
cumbia colombiana regia,0.12464517857142855
cumbia chilena,0.12481666666666665
spanish hip hop,0.125
caracas indie,0.125
swedish dancehall,0.1250666666666667
samba-jazz,0.1250721463169729
swing italiano,0.12525114573757432
australian country,0.12547494736842107
vapor pop,0.1255297777777778
ambient,0.12553576966443994
christian a cappella,0.12564999999999998
epicore,0.12565445722148505
chillstep,0.12582514152514152
afro house,0.12583333333333335
neoclassical darkwave,0.12592259156663588
dfw rap,0.12599629920987448
8-bit,0.126
swiss worship,0.126
xtra raw,0.126
microtonal,0.126
soviet synthpop,0.126
funky tech house,0.126075
chilena,0.1261710164835165
azontobeats,0.1263
arabic jazz,0.12633333333333335
tamborazo,0.1264416666666667
chamame,0.12645
musica antigua,0.1265
ambient pop,0.12652333333333332
canadian americana,0.12663176470588236
prog quebec,0.12663333333333335
instrumental funk,0.12677303935799
minimal techno,0.126855
contemporary classical,0.12690730042359075
classic belgian pop,0.12691666666666668
german pop rock,0.12691999999999998
uk contemporary jazz,0.12694999999999998
gospel soul,0.12700581140350878
son cubano clasico,0.1270875
indie psych-pop,0.12743888888888888
background music,0.12746064814814814
kodomo no ongaku,0.1275
christmas instrumental,0.12758826506731255
gospel antigas,0.1276
israeli rock,0.12761144927536233
yorkshire folk,0.12766666666666668
norwegian classical,0.12785595238095238
african percussion,0.12787272727272728
birmingham grime,0.12796666666666665
indie rock mexicano,0.128
skramz,0.128
microhouse,0.1280830128205128
neue deutsche welle,0.12815875
indian indie,0.12828
french baroque,0.12840683760683766
taiwan indie,0.1285
scottish folk,0.12851428571428572
tech house,0.1285346153846154
latin classical,0.12876569889294553
baroque ensemble,0.12876964365904744
ethnomusicology,0.12883333333333333
bass music,0.12890625
christmas product,0.129
boogie,0.12901333333333334
charango,0.12906666666666666
folklore boliviano,0.12906666666666666
smooth jazz,0.12925787542501765
american primitive,0.12936620071684587
chilean indie,0.12942
western mass indie,0.12950000000000006
audiophile vocal,0.1298
uk americana,0.1298046725236865
eugene indie,0.129975
breton folk,0.13
spanish baroque,0.13
guinean pop,0.13
rva indie,0.13
bc underground hip hop,0.130028
chinese r&b,0.13005833333333333
swedish doom metal,0.13013333333333332
epic doom,0.13013333333333332
venezuelan indie,0.13022
romanian classical piano,0.13024230769230769
russian classical piano,0.13025543155116304
ann arbor indie,0.13048092307692305
memphis americana,0.13079999999999994
slowcore,0.13088564983083792
psychedelic folk rock,0.13098555555555558
blues latinoamericano,0.131
432hz,0.131
venezuelan rock,0.13108666666666666
barockinterpreten,0.13125714285714288
new york drill,0.13130568181818186
cumbia,0.13139603642257813
early reggae,0.13150303030303032
pop reggaeton,0.13151605616605616
prepared piano,0.13160714285714284
new age,0.13169547608221666
medieval folk,0.13183114285714284
queercore,0.13186083333333334
hindi indie,0.13190000000000002
cleveland metal,0.13195714285714286
fourth world,0.13197174471481346
modern string quartet,0.13197272727272727
brega,0.132
deep r&b,0.132
danish pop,0.13202857142857144
ethio-jazz,0.13204525862068964
australian reggae fusion,0.13212200000000002
modern alternative pop,0.1322679487179487
trap triste,0.132575
nottingham indie,0.13265
north carolina indie,0.13284470588235298
swedish prog,0.133
deep flow,0.133
gamelan,0.133
spanish noise pop,0.133
svensk progg,0.133
spanish modern rock,0.133
san antonio rap,0.133
mexican traditional,0.1330076923076923
neo-classical,0.13301567704354472
traditional ska,0.133125
drill and bass,0.133285
classical piano trio,0.13335555555555556
north carolina metal,0.1333875
uk alternative pop,0.13343099567099567
icelandic classical,0.1335
sitar,0.13388548387096774
music box,0.13391153846153847
classic israeli pop,0.13394515873015875
purple sound,0.134
scottish hip hop,0.134
funk 150 bpm,0.134
chill pop,0.13402499999999998
chilean rock,0.13413633333333336
deep disco house,0.13425000000000006
japanese experimental,0.1343
folklore chileno,0.1345
south african country,0.134625
compositional ambient,0.13467702133124926
canadian ccm,0.13467913879598664
musica andina,0.13468476190476192
modern performance,0.13489
german classical piano,0.13489727625757889
classic venezuelan pop,0.1348992230225424
classic dubstep,0.13493154761904766
ecm-style jazz,0.1349419772207655
instrumental stoner rock,0.134975
christelijk,0.135
estonian hip hop,0.135
huayno,0.135
psalmen,0.135
italian techno,0.135
musica ayacuchana,0.135
stomp and flutter,0.1351298076923077
canadian folk,0.13521666666666668
peruvian rock,0.13539636363636362
witch house,0.13553555555555558
post-disco soul,0.13557249999999998
instrumental soul,0.13580182452231812
gujarati pop,0.136
rumba congolaise,0.136
classical flute,0.13601653846153844
gospel blues,0.13610292912246866
chicago pop punk,0.1362
spiritual jazz,0.1362094830438379
kingston on indie,0.13623055555555555
background piano,0.13624833333333333
old school dancehall,0.1362879195588894
argentine ambient,0.13633333333333333
piano mpb,0.13635619047619044
american classical piano,0.13638797804035846
thai pop,0.13641666666666666
rap conscient,0.136465
deep disco,0.13654034863945572
gregorian chant,0.13671064935064933
galante era,0.1367933712121212
guitarra argentina,0.13681274509803926
drone,0.1368610897148828
deep full on,0.13688
library music,0.13689090216297112
norwegian contemporary jazz,0.13690185185185186
michigan indie,0.13691666666666666
classical countertenor,0.13696666666666665
scottish singer-songwriter,0.13701777777777774
moldovan pop,0.1371611111111111
japanese traditional,0.13722083333333335
cosmic post-rock,0.1373333333333333
british folk,0.13740555796151882
violao,0.13740818284016226
canadian soundtrack,0.13747513940907202
chamber folk,0.1375333333333333
etherpop,0.13754117897130194
connecticut hardcore,0.13763333333333336
icelandic rock,0.1376677631578947
zhongguo feng,0.1376871287128713
brazilian classical,0.13770309523809526
dub techno,0.13772500000000004
jazz brass,0.1377357379324605
trash rock,0.1378
brazilian classical piano,0.13787230769230768
british comedy,0.13790285714285716
streichquartett,0.13805363636363638
moog,0.1381513347985348
dinner jazz,0.13815333333333332
indian jazz,0.13816666666666666
anglican liturgy,0.13819040404040406
tribal house,0.13824549450549453
brit funk,0.13826953809523804
wyoming roots,0.13833670886075947
sierreno,0.1383660907396929
bubble trance,0.13848
historically informed performance,0.13850354680732185
smooth saxophone,0.1386109086549824
native american,0.1387384396762658
south carolina indie,0.13878775510204086
trap queen,0.1388036662844633
desert blues,0.13880416666666667
german thrash metal,0.13883333333333334
trap soul,0.13886337359792927
oakland indie,0.1389277777777778
malaysian mandopop,0.13895000000000002
historical keyboard,0.13902799999999998
swedish soul,0.13903333333333334
malaysian pop,0.1391125
scam rap,0.13914400000000002
toronto indie,0.13919712820512822
ambeat,0.1392917582417582
mississippi indie,0.13933333333333334
rock brasiliense,0.13945000000000005
electric bass,0.13947070669783848
channel islands indie,0.1395
classical horn,0.1395010989010989
italian soundtrack,0.13954916526198255
lds,0.13982893233082702
relaxative,0.1400388888888889
tex-mex,0.14006301247771838
ghanaian hip hop,0.14008666666666664
champeta,0.1404013071895425
braindance,0.14045135135135126
acoustic rock,0.14051838624338622
boston folk,0.1406
alabama metal,0.1406
irish singer-songwriter,0.14080507575757578
comedy rap,0.14089866946778712
mainland chinese pop,0.14095
christian uplift,0.14105453431372547
adventista,0.14129
cumbia salvadorena,0.14130123456790125
gothic post-punk,0.141307
spytrack,0.14153690078037906
lo-fi emo,0.14175696969696971
german alternative rock,0.14187999999999998
classify,0.14195404411764706
traditional british folk,0.14195583333333334
deep soul house,0.142
russian orchestra,0.14206054421768705
post-disco,0.14213019149405728
classical cello,0.14228455796501624
bulgarian experimental,0.1423333333333333
canadian latin,0.14244838709677418
deep regional mexican,0.14248954100691374
trova mexicana,0.1425
corridos tumbados,0.1428468878747671
rap cristiano,0.14295897435897434
indie rockism,0.14298000000000002
american contemporary classical,0.14299419779693487
mizrahi,0.14300000000000002
deep northern soul,0.14300000000000002
opera metal,0.14318939393939395
norwegian indie,0.14325484330484334
african-american classical,0.14335406579764126
australian alternative pop,0.14336695652173911
ska jazz,0.14343333333333333
ilocano pop,0.1437125
christian power metal,0.14374615384615386
jazz boom bap,0.14381384615384615
math rock,0.1438614583333333
colombian rock,0.14386800000000002
folclore jujeno,0.1439
american romanticism,0.14391923076923074
lldm,0.14400000000000002
chinese indie,0.1441148717948718
umbanda,0.14415965909090908
contemporary vocal jazz,0.14439722633564156
lo-fi indie,0.14441578370663155
folk rock italiano,0.14443500000000006
folk-pop,0.14444700870085966
string quartet,0.14465458520564786
native american flute,0.1446571022727273
israeli singer-songwriter,0.1448177777777778
washboard,0.14495
beach music,0.14495980848861287
duranguense,0.144964335778309
nova mpb,0.1450879329004329
musica infantil,0.14519166666666666
electro swing,0.14523146825396824
dancehall,0.1452548250579387
aussietronica,0.14545153846153847
ottawa rap,0.14560138562091504
cumbia peruana,0.145675
canadian electropop,0.14587876984126988
shibuya-kei,0.14590413068871275
german baroque,0.14605490981871175
banda caliente,0.14611732142857142
gospel singers,0.146221331738437
classical organ,0.1463018263757116
shimmer psych,0.14632
azeri traditional,0.14644999999999994
shamanic,0.14657156862745094
morna,0.14657499999999998
cape verdean folk,0.14657499999999998
la indie,0.14660640078875373
modern dream pop,0.14661008771929826
south african choral,0.14664285714285713
toronto rap,0.1466819926525519
jazz accordion,0.14706944444444445
rock steady,0.14718481969337946
irish hip hop,0.14729333333333336
string orchestra,0.1473
japanese instrumental,0.14742599206349205
indie cafe pop,0.14745829630839155
indie anthem-folk,0.14749078265765764
russian pop,0.14757272727272727
symphonic black metal,0.14758333333333334
british death metal,0.14758833333333335
rap kreyol,0.14762272727272724
scorecore,0.14772890276786818
japanese heavy metal,0.14795555555555553
chinese idol pop,0.14800000000000002
alberta hip hop,0.14800000000000002
bay area hip hop,0.14808499999999994
chamber pop,0.14815709546652892
scandipop,0.14816736954565898
smooth soul,0.14817895833333333
world,0.1482233513953719
contemporary jazz,0.14823188816612906
vegas indie,0.14826833333333336
italian renaissance,0.14833333333333334
jazz pop,0.14833584967972185
viral pop,0.14841183162923755
modern jazz trio,0.14849666666666667
dhrupad,0.14852142857142858
cumbia sonidera,0.14854933180841748
kashmiri pop,0.14855
gauze pop,0.14855862068965514
korean pop,0.14859501661129568
bachata,0.1486405155774342
navajo,0.14867929292929294
banda,0.1488145274074071
norwegian singer-songwriter,0.14893333333333333
dutch pop,0.14894094276094275
sacramento hip hop,0.14894866666666667
ontario indie,0.14912777777777778
nordic house,0.14914666666666668
argentine heavy metal,0.1492
british choir,0.1493637142535827
old-time fiddle,0.149425
banda carnavalera,0.14948447916666668
soca,0.14962864583333338
british contemporary classical,0.14966185185185185
african rock,0.14969375
balkan brass,0.14975
modern uplift,0.14976363636363638
dub,0.14977168986878775
technical thrash,0.14985
chinese audiophile,0.14985000000000004
seattle indie,0.1499583025210084
jazz organ,0.14999557575757574
haryanvi pop,0.15
nz folk,0.15
detskie pesni,0.1500125
corrido,0.1501325843059003
copla,0.15026434178743955
berlin school,0.15031045454545455
video game music,0.15041164920095632
slovak electronic,0.15066000000000002
sandalwood,0.15075
shiver pop,0.15080446247464505
lovers rock,0.1508117640638032
vintage classical singing,0.15082670565302145
cuatro venezolano,0.15083809523809522
korean r&b,0.15091467236467232
classical era,0.15095511898232128
channel pop,0.15097134986225896
italian contemporary jazz,0.151
buffalo hip hop,0.151
vgm instrumental,0.151
oriental classical,0.151
villancicos,0.151
classical accordion,0.151
roots reggae,0.15101015778113422
jazz cubano,0.15126095238095236
french synthpop,0.15146800000000002
new age piano,0.15147028432472873
white noise,0.15148641975308644
detroit house,0.15175
olympia wa indie,0.15176238095238095
classic danish pop,0.15178105263157896
joropo,0.1518
rap underground mexicano,0.15181176470588234
french romanticism,0.15189118839541818
nueva ola peruana,0.152
recorder,0.152
funeral doom,0.152
sarod,0.152
afrobeat,0.1520585542783834
psychedelic doom,0.15213125
experimental guitar,0.1521777777777778
freestyle,0.152225773412979
florida rap,0.15223663919413918
sky room,0.15225
lancaster pa indie,0.1522714285714286
deep house,0.15229680543897936
technical groove metal,0.1524
romantico,0.15260493827160493
chamber orchestra,0.15270695657261224
harpsichord,0.15275147058823532
sophisti-pop,0.1529947742775936
musica juiz-forana,0.153
cubaton,0.15304166666666666
charlottesville indie,0.15306000000000006
desi hip hop,0.15310952380952378
italian baroque ensemble,0.153175
deathstep,0.15325
float house,0.15325416666666666
canadian indie folk,0.1535
polynesian hip hop,0.1535
violin,0.15355047400149774
cumbia ranchera,0.15356315789473687
small room,0.15358333333333335
greek folk,0.15375000000000005
norteno,0.15376889097230872
deep punk rock,0.1538
classical performance,0.15418060674767667
zeuhl,0.1542
cowboy western,0.15425636660562606
taiwan pop,0.15428606985698573
belgian rock,0.15435
future house,0.15442
danish classical,0.15446351851851853
bhangra,0.1544695652173913
colombian pop,0.15449719616911362
ukrainian classical piano,0.15451250000000002
memphis blues,0.1546286331684861
classical clarinet,0.15497614379084965
experimental hip hop,0.15504464285714287
rock independant francais,0.15509074074074078
ethereal wave,0.15509731706349206
uk stoner rock,0.15510000000000002
electro jazz,0.15513333333333335
reggae rock,0.15515646151973736
polynesian pop,0.15517331035539214
gothic symphonic metal,0.15519739057239054
lo star,0.15525
japanese psychedelic,0.15527500000000002
merengue,0.1552863813024858
popgaze,0.15531666666666666
french indietronica,0.15533333333333335
funk ostentacao,0.15533333333333335
rosary,0.15537384221423126
reggae fusion,0.15541285190084142
classic greek pop,0.15542205459770114
vintage italian soundtrack,0.15546347524658854
reggae,0.15546948158669593
singaporean mandopop,0.15561431623931626
yacht rock,0.15575697199375604
modern salsa,0.15588202450570873
nouvelle chanson francaise,0.1559263157894737
australian ska,0.1561
dominican pop,0.15614114167106727
brazilian groove metal,0.15616521739130435
metal mineiro,0.15616521739130435
brazilian thrash metal,0.15616521739130435
brazilian metal,0.15616521739130435
baroque,0.1561733499940105
desi pop,0.15621199434080146
ectofolk,0.15632746600030578
destroy techno,0.15635909090909095
hopebeat,0.15649276765739853
nova musica pernambucana,0.1565
russian post-punk,0.15653253968253966
cello,0.1565791295707472
regional mexican,0.15660461980521387
queer country,0.1566511425375519
early music,0.15668866675380438
italian progressive rock,0.15675333333333333
tamil pop,0.1569379784511785
sertanejo tradicional,0.15695925925925927
chicha,0.1569790985723678
chicago house,0.15698701058201056
nuevo regional mexicano,0.15708586551237352
indiecoustica,0.15709636291887158
nu-cumbia,0.15710138030285845
grand rapids indie,0.15710416666666668
indie folk,0.15719711968891306
spanish rock,0.15726163838812302
german jazz,0.15737129629629631
renaissance,0.1573974358974359
athens indie,0.1574449771394065
polish classical piano,0.15744855568046964
brooklyn drill,0.1574489801864802
rebel blues,0.15746799999999994
puerto rican folk,0.1574699085300392
manitoba indie,0.15762666666666664
diva house,0.15766368205549242
deep contemporary country,0.15769999999999998
roots worship,0.15772240383527147
acoustic pop,0.1577504987283953
canadian pop punk,0.1579010035842294
japanese power metal,0.15790833333333332
folklore venezolano,0.15793333333333334
historic classical performance,0.15796075364231335
german trance,0.15804166666666666
deep tropical house,0.1580777777777778
japanese dream pop,0.15811
boston metal,0.15826266666666666
theremin,0.15833377926421405
jawaiian,0.15833772761590428
stomp and holler,0.1583481662198181
japanese emo,0.15839756944444447
indonesian r&b,0.1584
minnesota hip hop,0.15849524127492876
azonto,0.15850545454545456
intelligent dance music,0.15860467735071182
kc indie,0.15864
cumbia lagunera,0.1586901428571429
russian jazz,0.15876666666666664
ambient folk,0.1588068945868946
d-beat,0.15886
samba-rock,0.1589337142857143
musica costarricense,0.159
dc indie,0.159
neoclassicism,0.15900809737123564
new americana,0.15902505442293538
modern jazz piano,0.15902539682539682
belgian pop,0.15908444444444444
british post-rock,0.1591111111111111
american shoegaze,0.15913333333333335
rock urbano mexicano,0.15914598023504276
christian indie,0.15921919067169202
native american contemporary,0.15931888888888893
outsider,0.15935454945416905
neo-progressive,0.15942708333333333
dmv rap,0.15953828234851253
japanese jazz fusion,0.1596363636363636
dark post-punk,0.15966941025641024
musica tradicional cubana,0.15967354922078245
nashville hip hop,0.15976409899888766
blackgaze,0.15984166666666666
thai indie rock,0.15985
afropop,0.15988403483848093
australian indie folk,0.15992962962962964
world fusion,0.15999108721624847
orebro indie,0.16
jazz funk,0.16004611703406518
bedroom soul,0.1600482251082251
euroska,0.16004999999999994
trip hop,0.16006155005830122
singaporean pop,0.16016068376068374
canadian psychedelic,0.16021285714285716
american post-rock,0.16027916666666667
accordion,0.1603
denton tx indie,0.1603
k-pop boy group,0.16060879064887604
neo mellow,0.16062425410731193
indie jazz,0.16069041954067528
mande pop,0.16078987179487186
modern reggae,0.16080803033771546
pinoy indie,0.1608166666666667
classic swedish pop,0.1608247058823529
english baroque,0.16086232773595832
japanese classical,0.16095048128342246
british modern classical,0.1609514432961737
german pop,0.160956560150376
norteno-sax,0.1609866125541126
uilleann pipes,0.16102
horror synth,0.16106190476190474
grupera,0.1612092275227671
israeli classical,0.16122222222222218
k-indie,0.16123666666666667
indy indie,0.16133333333333333
manguebeat,0.16136399999999998
new jack swing,0.16156929402188108
melodic rap,0.1615722642804379
north carolina emo,0.16160000000000002
kentucky roots,0.16164821865219092
austindie,0.16171153846153846
newcastle nsw indie,0.16175
british soundtrack,0.16189595482194508
synthwave,0.1619304347826087
cantopop,0.16193658370693564
beat poetry,0.16194166666666668
jazz colombiano,0.162
free folk,0.162
latincore,0.162
tamaulipas indie,0.162
jazz guitar,0.16202225422033442
tipico,0.16206842105263156
slack-key guitar,0.16208888888888892
cumbia paraguaya,0.16216666666666665
lo-fi chill,0.16225838345864665
alabama rap,0.16230897034864772
truck-driving country,0.16233972222222226
modern funk,0.16239281588186094
scream rap,0.16243000000000002
greek pop,0.16259428318111702
russian folk,0.16259555555555558
electro latino,0.16259895416454775
christian trap,0.16261062499999998
deathgrind,0.16262083333333335
fado,0.1626799025974026
rabindra sangeet,0.16270536318067902
chutney,0.1627407557295212
choral,0.16284672404838862
australian psych,0.162870768115942
pittsburgh rock,0.16290625000000006
experimental dub,0.163
south african pop,0.16300714285714285
icelandic experimental,0.1631278481012658
free jazz,0.1631902435305529
minneapolis metal,0.16320000000000004
vgm remix,0.1632333333333333
musica alagoana,0.16324615384615385
soundtrack,0.16328782446872564
ska mexicano,0.16338933267112155
laboratorio,0.16339477779745334
francoton,0.16341515873015874
electroclash,0.1634287878787879
lo-fi beats,0.16348570338058896
chamber ensemble,0.16349999999999998
british industrial,0.1635095238095238
scandinavian r&b,0.1635666666666667
rumba,0.16356821561148366
strut,0.1636
louisville indie,0.16362166666666667
shakuhachi,0.16362500000000002
early music ensemble,0.1636616935483871
salsa venezolana,0.16366606867283948
hammond organ,0.16368332772166105
electronica argentina,0.1637666666666667
jazz harp,0.16378490675990676
harlem renaissance,0.1637965312245155
brighton indie,0.16380944444444445
dark clubbing,0.16384276094276096
avant-garde jazz,0.16385437114118184
rune folk,0.16388888888888886
coverchill,0.16399999999999998
rap chileno,0.16408888888888892
historic string quartet,0.16411713435374148
traditional rockabilly,0.16415738095238094
axe,0.16421666666666665
bath indie,0.16423333333333334
rock progressif francais,0.16436363636363638
canadian blues,0.1645375
impressionism,0.16472961757859733
brazilian jazz,0.164732319884691
musica gaucha tradicionalista,0.1648
bandinhas,0.1648
american folk revival,0.1648142832740198
chicano rap,0.16482538373660371
bass house,0.1648301470588235
bachata dominicana,0.1648350399927778
classical mandolin,0.1648375
oakland hip hop,0.16485254033521207
taiwan singer-songwriter,0.16486130952380948
northern irish punk,0.16490555555555553
sad rap,0.16496500931347652
dream trance,0.16497142857142855
ska revival,0.16510127894327892
riddim,0.1651736694677871
tennessee hip hop,0.16518202458173453
avant-garde,0.16521017666078774
new england emo,0.1652142857142857
deep freestyle,0.1652777777777778
mariachi cristiano,0.16542876852098307
egyptian pop,0.1654333333333333
retro soul,0.16551066666666664
disco,0.1656192958502154
persian pop,0.16565625
minneapolis sound,0.16569065703712876
jazz piano,0.1657526847156484
hard alternative,0.16577333333333336
canzone d'autore,0.1657746153846154
metropopolis,0.16589635626585889
classic afrobeat,0.1659
bedroom pop,0.16598482823065958
j-pop girl group,0.16603333333333334
cuban alternative,0.16605
soul jazz,0.16607746426356315
australian pop,0.16615934480651845
russian modern classical,0.1661653619340369
electronic djent,0.16625
dream pop,0.16640646222720848
northern irish indie,0.1664733333333333
peruvian hip hop,0.16655
honky-tonk piano,0.16657121212121218
italian baroque,0.16666952487961476
anime score,0.16684624097115652
british jazz,0.1668834782608696
early music choir,0.1669
ninja,0.16690613318085326
early romantic era,0.16693214409097215
nightcore,0.16695
downtempo,0.1669557206626542
brass ensemble,0.16699072463768114
chinese hip hop,0.16699999999999998
pop r&b,0.1670003355135616
pop chileno,0.16709999999999994
sufi,0.16719947095016344
flamenco,0.16721645566808813
boy band,0.1673403256604952
neo soul,0.16744977542162118
nz reggae,0.16750416666666668
nigerian pop,0.16753952020202026
harp,0.16762063492063492
r&b,0.16763994102508048
japanese classical performance,0.16764952574525746
turkish psych,0.16770000000000002
highlife,0.16776296296296295
ballroom,0.16778586189034506
instrumental post-rock,0.1678904761904762
british soul,0.1680331921569606
melodic groove metal,0.16807045454545458
vintage old-time,0.16807761904761906
lo-fi house,0.1681
nederpop,0.1682291111111111
idaho indie,0.1682475
quiet storm,0.1682506908824236
canadian indie,0.1682851299926755
traprun,0.16832666666666665
hungarian classical performance,0.1683434545030133
argentine indie,0.16835142857142854
bahamian pop,0.16840000000000002
dakke dak,0.16840000000000002
texas latin rap,0.16841801350222402
french reggae,0.16847857142857145
swedish heavy metal,0.16849999999999998
abstract hip hop,0.1685429201101929
deep funk,0.1687
urban contemporary,0.1687015799742522
burmese traditional,0.16873333333333332
afro dancehall,0.16877702020202026
south african jazz,0.1688093984962406
piano blues,0.16881023732535122
uk pop,0.16882544093164975
german show tunes,0.16885714285714284
british grindcore,0.16896666666666668
cuban rumba,0.16897694035947713
mexican classic rock,0.1689787577756328
vapor soul,0.16901528443980998
funk pop,0.16903333333333334
tempe indie,0.16903452380952386
musica popular paraense,0.16921999999999998
jazz orchestra,0.16929333333333335
country pop,0.16931385520709435
bouzouki,0.16933423913043474
nz pop,0.16946904129009396
classic colombian pop,0.16948978855211258
gothic metal,0.16949517396184066
dutch indie,0.16949999999999998
j-pixie,0.16953666666666667
rap latina,0.1695514520429651
talent show,0.16961495539073834
alternative roots rock,0.16963421052631578
funk carioca,0.16969166666666669
jazz blues,0.16976177168775589
art pop,0.16987846146639965
deep idm,0.17
cali rap,0.1700545720001568
lebanese pop,0.17008154761904767
ballet class,0.17013160173160172
arab pop,0.17022542517006795
deep east coast hip hop,0.170275
uk alternative hip hop,0.17027692307692308
deep latin christian,0.170325
choro,0.17045377521929833
bossa nova,0.1704551795143852
mathcore,0.17047500000000002
gothenburg indie,0.17052916666666668
freak folk,0.17053707751543826
women's music,0.17053879365079366
pakistani hip hop,0.17066666666666666
melancholia,0.1707811742520834
mexican hip hop,0.1708033559120618
greek guitar,0.1708333333333333
jazztronica,0.17084363774018385
british orchestra,0.17085167972212156
lullaby,0.17088436092955706
laiko,0.17092610456028495
arkansas indie,0.171
mandopop,0.1710663856306379
serialism,0.17107611111111112
modern bollywood,0.1711504299394135
classic country pop,0.17115301614914474
country dawn,0.17119674655480002
mexican pop punk,0.17128
british experimental,0.17132244897959184
dreamgaze,0.17135
pop nacional,0.17136875
scratch,0.17138888888888892
deep new americana,0.17146584569041093
garage rock revival,0.1715364024864025
japanese soundtrack,0.17158676136363638
baton rouge rap,0.1716022335050045
spirituals,0.17198376991010264
alternative r&b,0.1720057522211178
classic russian pop,0.17210795454545458
classical,0.17213653086501385
a cappella,0.1722541371082621
russian romanticism,0.17226550524344333
australian children's music,0.1723246753246753
bubblegrunge,0.17233325264107874
portland punk,0.1723400505050505
tollywood,0.17234857142857146
nashville sound,0.17238817750647092
german dance,0.17244333333333334
vocal house,0.1725178447763063
alternative pop,0.1725948149737168
nordic post-rock,0.1726625
nu jazz,0.17270661418721325
traditional blues,0.1727543526213489
indie poptimism,0.17277018286569434
norwegian pop rap,0.17300000000000001
irish accordion,0.17300000000000001
stoner metal,0.17301375122426593
malian blues,0.17303611111111109
krautrock,0.17323252984389345
shimmer pop,0.1733657955178351
lilith,0.17342718727380646
country,0.17344549913100646
australian garage punk,0.1735375
boogie-woogie,0.17355166993464052
samba de roda,0.1736222976028946
musica jibara,0.17376327160493826
italian indie pop,0.17378333333333332
post-rock,0.17379186018783466
wonky,0.173807326007326
sacramento indie,0.17386741720085475
partido alto,0.17397222222222222
russian chanson,0.17397592592592592
lo-fi,0.17398800187720567
west virginia indie,0.174
boy pop,0.17400000000000002
canadian pop,0.17400271611157053
free improvisation,0.17410705211753594
melbourne bounce international,0.17420809523809525
operatic pop,0.17430971435264078
vintage swing,0.17434358974358974
austrian pop,0.17436666666666664
veracruz indie,0.17451428571428573
classic j-rock,0.17453392857142858
gothic rock,0.17455117869190934
shoegaze,0.17458088484039228
viral rap,0.17462040286768615
israeli pop,0.17465250000000004
boston hip hop,0.17466626262626264
uk pop punk,0.17467500000000002
italian disco,0.1746931962258588
alternative country,0.17472283462751662
classic canadian rock,0.1747421147808137
country boogie,0.17484348165495708
riot grrrl,0.17488998639455788
lds youth,0.17497124999999994
mandolin,0.17497220129870128
yoga,0.175
bitpop,0.17501176470588234
minimal tech house,0.17505
pop,0.17507254917649656
new isolationism,0.17512121212121212
swedish progressive metal,0.17512222222222226
chamber psych,0.1751353471754927
bakersfield sound,0.17513888660632632
garage punk,0.17519623376623378
celtic,0.17524696704501674
underground power pop,0.17527066730371074
musica potosina,0.17529333333333336
funk,0.17533853301999675
piedmont blues,0.1753541817067736
norwegian pop,0.17536628787878786
future garage,0.17566944444444446
huapango,0.17571250000000005
early modern classical,0.17573194527688274
canadian rock,0.17573630489266645
reggaeton colombiano,0.17576326722587896
detroit trap,0.17588515151515152
connecticut indie,0.17600000000000002
indie pop,0.17600422888365566
progressive jazz fusion,0.17602777777777778
tejano,0.17606811199919906
vapor trap,0.17609738301854894
latin jazz,0.17611876500294033
japanese city pop,0.1762847503759399
emo rap,0.1763192518523739
comedy rock,0.17632804141501296
chicago blues,0.1764351226156457
canadian hardcore,0.17644444444444446
pop edm,0.17646959702848594
melodic thrash,0.17653382034632034
french jazz,0.17662800877553822
rock drums,0.17665158219095725
nyc pop,0.17666944444444446
experimental pop,0.17673778892907374
seattle hip hop,0.1767740694874441
brooklyn indie,0.17684765700483093
anadolu rock,0.1769
jazz rap,0.17690853119609112
visual kei,0.17694722222222226
electronica,0.17700331700395364
trap latino,0.1772845010878239
rare groove,0.17741180758017494
hula,0.17745555555555556
lund indie,0.1775
christian pop,0.1775483323816706
stride,0.17760980961127287
contemporary post-bop,0.1776109707183281
afghan traditional,0.17766666666666664
glee club,0.17767040000000006
space age pop,0.17767588911289975
gruperas inmortales,0.17777870886497765
australian electropop,0.17797723325693915
tennessee metal,0.17799999999999996
georgian folk,0.17800000000000002
neo-synthpop,0.17806839898459384
deep indian pop,0.1780704187235766
uk hip hop,0.17810703296703295
jazz vibraphone,0.17812977133977134
orchestral performance,0.17815548484987945
contemporary country,0.17815926072874147
modern folk rock,0.1781992101851852
lithuanian electronic,0.17825
chanson paillarde,0.17828666666666668
australian indie,0.17831568627450986
japanese chillhop,0.17838593835242775
swedish stoner rock,0.17850000000000002
pop rock,0.17851347683151753
canadian country,0.17867039949809535
techno,0.17874117647058824
melodic deathcore,0.17876380952380952
breakbeat,0.17880608733371886
new jersey rap,0.17882312317019214
harmonica jazz,0.17885714285714285
belgian jazz,0.17885714285714285
texas pop punk,0.17888484848484856
palm desert scene,0.1789163122171946
lgbtq+ hip hop,0.17891917119435102
midwest emo,0.1789408496732026
bolero cubano,0.17896622857534622
v-pop,0.179
vietnamese pop,0.179
vietnamese bolero,0.179
post-grunge,0.17902036585238348
swedish synthpop,0.17909924242424247
mambo,0.17923822630627118
honky tonk,0.17929281678187708
christian relaxative,0.17932322791437155
redneck,0.17940287561243318
canadian children's music,0.17957031249999994
finnish metal,0.17962979797979794
zurich indie,0.17966666666666664
anti-folk,0.17975017857175898
jump blues,0.17975916097074535
western swing,0.17977390525657372
delta blues,0.17987459507208206
teen pop,0.17992862318840586
bandolim,0.18
experimental jazz,0.18
dutch folk,0.18
outer hip hop,0.18
folk,0.1800197257295178
swedish pop,0.18004736785881975
pinoy rock,0.18005618500273676
deathrash,0.18006221014492754
dallas indie,0.180075
baroque violin,0.18008425925925922
psychedelic soul,0.1802618678914261
girl group,0.18036057946394332
albuquerque indie,0.1803731481481481
gbvfi,0.18042109018118635
duluth indie,0.18042222222222226
pagode,0.1804246049382716
hip house,0.18050989265219533
emo mexicano,0.18056
punk rock mexicano,0.18056
salsa puertorriquena,0.18058028871691648
anime,0.18059081797706797
louisiana blues,0.1806699529876041
deep groove house,0.18078987394957974
idol,0.18080166666666667
exotica,0.1808664087548313
stoner rock,0.18087312551288934
jazz chileno,0.1808833333333333
post-punk argentina,0.1809233163841808
memphis hip hop,0.18092956500399332
classic eurovision,0.18100000000000002
southern soul blues,0.18100666666666668
utah indie,0.18103333333333327
pops orchestra,0.1810586096938776
bow pop,0.18115342423132244
traditional soul,0.1812923611111112
new french touch,0.18141152777777772
australian metalcore,0.18146083333333327
kent indie,0.1815
hyphy,0.1816121219287133
country road,0.1816143402013136
dance pop,0.1816706050165908
garage pop,0.18171749999999995
swamp blues,0.18200694444444449
musica nicaraguense,0.18204955357142846
christian rock,0.18211063268835206
power pop,0.18219279089617488
pop dance,0.1822426357223952
celtic rock,0.18232325132467705
experimental,0.18238250358267424
jazz fusion,0.18241962647352813
indie surf,0.18247648093841648
vermont indie,0.1825125
latin viral pop,0.18251566022544288
filthstep,0.1825351851851852
tropical,0.1825571305748224
mento,0.1825630866807611
trova,0.18265319588623927
new romantic,0.1827809222870593
south carolina hip hop,0.18293435114503812
steampunk,0.18307558479532168
acoustic blues,0.18309821355287112
japanese folk,0.18312916666666668
post-teen pop,0.18314365206305472
dayton indie,0.18325185185185192
slam poetry,0.183256
kids dance party,0.18326915584415587
neo r&b,0.18334833333333336
hindustani vocal,0.1833709849409849
christian hard rock,0.18337777777777772
latin metal,0.18345404589371986
ska,0.18352064169675075
cool jazz,0.1835277541935492
denver indie,0.1835555555555556
brass band,0.18360166666666666
vancouver punk,0.18364722222222216
asian american hip hop,0.18369
motown,0.18386651305577653
electropop,0.1839177213192044
vocal jazz,0.183969953643248
swiss country,0.184
jovem guarda,0.18400962962962966
bebop,0.1840184849776272
jazz venezolano,0.1842
russian rock,0.18434059343434347
canadian contemporary r&b,0.1844041353190878
pony,0.1844633333333333
louvor,0.18450000000000005
cuarteto,0.184575
east coast reggae,0.18459375
electro,0.18462167673424887
north carolina roots,0.184630345471522
dutch rock,0.1847555555555556
french indie pop,0.1848055555555556
italian adult pop,0.184877658554858
preschool children's music,0.1848780736863712
children's choir,0.1849045454545455
deep new wave,0.18491666666666665
steel guitar,0.18499776785714284
acid trance,0.185
organic ambient,0.185
latin,0.1850052532209148
cosmic american,0.1850643106197984
meme rap,0.1851070412376664
ecuadorian pop,0.18513908730158726
quebec indie,0.18523152173913046
swedish electropop,0.18527502348442754
french pop,0.18528384625083646
reggaeton flow,0.1853019142770174
dunedin indie,0.18536666666666668
american metalcore,0.185425
scottish new wave,0.1854310128458498
chamber choir,0.1854481862964622
jazz,0.18549829903409035
jazz trio,0.1856512786939447
grindcore,0.1856916666666667
singer-songwriter,0.18571007752400173
pop quebecois,0.18574285714285715
latin pop,0.1858476770203861
baroque pop,0.18594192037118148
post-punk,0.18599708867014786
atmospheric post-rock,0.18600000000000005
classic hardstyle,0.18602666666666667
historic piano performance,0.18609923864797
hip pop,0.1861367886891746
modern southern rock,0.1862237373737374
country rap,0.18623158222504602
filmi,0.1862366304788869
grime,0.18632000915750915
hurdy-gurdy,0.18635
piano rock,0.18640857969814176
vancouver indie,0.1864173423423424
new wave,0.1864248105344316
swedish singer-songwriter,0.186425
nordic soundtrack,0.18655
deep tech house,0.18655882352941167
british black metal,0.1865925
classical contralto,0.1868214009661836
canadian electronic,0.1868294871794872
deep big room,0.18687189113355776
progressive groove metal,0.1869772727272728
japanese indie rock,0.187
madrigal,0.187
indie rock,0.1870667131658761
canadian celtic,0.1870818095238096
christian punk,0.1871169960474308
dansktop,0.18713464912280706
vapor twitch,0.18716131242741
deathgrass,0.18719999999999995
darksynth,0.1872
psychedelic folk,0.18723104043252067
chanson,0.18728658243177365
jazz tuba,0.1873
salsa colombiana,0.1873603776334776
hard bop,0.18736781548420192
space rock,0.1873706261701262
opm,0.18746022067034984
soul,0.18754790155003748
alternative pop rock,0.18758303030303028
k-pop girl group,0.1876703344322344
reggaeton,0.18768615417368967
drill,0.18770972889791368
classic uk pop,0.18778726154324216
pub rock,0.1878571036238768
new wave pop,0.18789944856011864
garage rock,0.18791774852316068
oklahoma country,0.1879441350916415
goregrind,0.188
cajun,0.18821309523809526
rhode island indie,0.18826
dark trap,0.1882656496753672
norwegian rock,0.188325
geek rock,0.18841250000000004
salsa,0.1884289847881347
deep christian rock,0.18844418350168354
rebetiko,0.18846022148702132
future funk,0.18849040178571427
freakbeat,0.18849268141052133
swancore,0.18851875
vintage french electronic,0.18852949681897047
canadian hip hop,0.18854353723537384
mexican pop,0.1885651448234741
memphis soul,0.1885866276084338
mexican rock-and-roll,0.18860163836002505
orchestra,0.18862741305124475
nigerian hip hop,0.1886832323232323
christian alternative rock,0.1887096700240876
mpb,0.18871636263459385
early synthpop,0.18872422839506173
vallenato,0.1887592976774043
vocal harmony group,0.18883655275263764
social media pop,0.18892685467649128
uzbek pop,0.18899999999999997
tajik pop,0.18899999999999997
musica popular colombiana,0.18904637188208606
russian folk rock,0.18906666666666666
uk post-punk,0.189088099163528
neo-psychedelic,0.1892068475851056
dark wave,0.1892243066757804
spanish invasion,0.18923333333333334
alternative emo,0.1892919646600779
tecnobanda,0.1893285269419724
straight-ahead jazz,0.18936111111111115
children's music,0.18945160517920026
modern country rock,0.1895072468508288
swamp rock,0.18953342408872026
poetry,0.18957971230158727
classic soul,0.189614015759032
tropical house,0.18970117139915094
gaita zuliana,0.18978809523809528
afroswing,0.18995
ye ye,0.18995152625152625
nepali pop,0.19
nepali indie,0.19
israeli mediterranean,0.19
theme,0.19003197918170248
modern hard rock,0.1900519333333333
bossa nova jazz,0.19021333333333326
musica popular mineira,0.1903664423076923
alternative rock,0.19039048143802687
arab groove,0.19041666666666668
twee pop,0.1904727272727272
dutch edm,0.19049831932773112
nueva cancion,0.19059236961134046
italian gothic metal,0.1906
italian gothic,0.1906
italian metal,0.1906
garage psych,0.19060314826839828
french opera,0.19064348777972728
modern rock,0.19068131888868767
indonesian hip hop,0.19086363636363635
late romantic era,0.1908688376849156
english indie rock,0.191
hollywood,0.1911597622901567
alternative americana,0.19125295138888887
traditional folk,0.1912802248286256
transpop,0.19132217782217786
classic cantopop,0.1913613911771807
old school thrash,0.1914499551733045
alternative dance,0.1914646453326588
gqom,0.19156
deep delta blues,0.19157142857142853
k-pop,0.19161087243598307
soul blues,0.1916284143501208
brazilian soul,0.19173388429752067
disney,0.19179335389480007
samba,0.1918072219446557
irish country,0.1918509259259259
dance rock,0.1918519896442265
belgian edm,0.1919
art rock,0.1919497117149578
kentucky hip hop,0.19214500932835826
indonesian pop,0.19218888888888894
portland hip hop,0.1923027932270424
classic italian pop,0.19230977124207185
new mexico music,0.1923833748572615
merseybeat,0.1924291251660592
gymcore,0.1924667548500882
classic soundtrack,0.19247291673170305
indiana hip hop,0.19249166666666667
nerdcore,0.1925
dance-punk,0.1925140689462065
soft rock,0.19256046368607665
chiptune,0.19266470588235293
symphonic metal,0.192704940312213
filter house,0.19274628267973856
bubblegum pop,0.1928192059525269
uptempo hardcore,0.19289333333333336
atl hip hop,0.19291763881450444
gospel italiano,0.193
polish post-rock,0.193
vintage chanson,0.1930594461760462
arizona punk,0.1931
swedish indie pop,0.1932641394335512
chicago rap,0.19331577865260532
ukrainian classical,0.19337716417910453
electra,0.1934
chillhop,0.19340614968271755
folk rock,0.19341293981442487
animal singing,0.1935
french rock,0.1935280177993528
lounge,0.19353084768662496
disco house,0.19355285353753
latin rock,0.19369682424335444
velha guarda,0.19375086490915644
sunshine pop,0.1937827324952508
southern soul,0.19380424202576205
nursery,0.1938551282051282
funk rock,0.1938951584315698
isle of wight indie,0.19399999999999998
uk reggae,0.19403339045416312
mollywood,0.19408000000000009
punjabi folk,0.19421739130434776
chill r&b,0.19432491789819376
uk post-hardcore,0.1945
philly soul,0.1945116000787084
west coast trap,0.19452014988968536
indie soul,0.1946000892247146
classic garage rock,0.19463769617706173
deep soft rock,0.1947584782608696
early avant garde,0.1947717733618912
permanent wave,0.1947741531892324
nu gaze,0.19478518302648454
kompa,0.19483333333333333
crossover thrash,0.19483995045045047
chicago drill,0.1948990451345756
rock nacional,0.1949192980295567
musica aragonesa,0.1949782608695652
slavic folk metal,0.195
pop rap,0.1950590804885028
chillwave,0.19508540469072447
classical baritone,0.1951736215657104
deep southern trap,0.1952556897016848
slayer,0.19531041666666668
radio symphony,0.195349616313174
jazz saxophone,0.1954174077398572
post-romantic era,0.1955154555714386
c-pop,0.1955437093664148
bboy,0.19555274725274724
new weird america,0.19557845336074609
hawaiian,0.19558254094230287
rock en espanol,0.1956443197782757
parody,0.19565291289941344
vegan straight edge,0.1957
canadian experimental,0.1957
roots americana,0.19572347786811206
canadian singer-songwriter,0.19572621692869155
new york death metal,0.1957333333333333
indie punk,0.19576190802907786
scottish indie,0.19581393322286186
turntablism,0.1958998010983975
ilahiler,0.19590714285714286
sufi chant,0.19590714285714286
tin pan alley,0.19598263247496364
brazilian rock,0.19605125
new beat,0.1961
french orchestra,0.19612610112110104
europop,0.19638615574716128
mexican rock,0.19650539306799333
rhythm and blues,0.1965063297601368
contemporary classical piano,0.1965758928571429
house,0.19668214066003334
adult standards,0.19677674369326426
synthpop,0.19682663109402654
vallenato moderno,0.19683541666666668
outlaw country,0.19687655525415226
mashup,0.19692
indie electropop,0.1969334821428572
french dnb,0.19699999999999998
jump up,0.19699999999999998
folclore salteno,0.197
country blues,0.1970199446353172
bay area indie,0.1971078703703704
mellow gold,0.1971107259464314
texas blues,0.19712178225141624
technical death metal,0.19714711111111108
appalachian folk,0.1972383479614158
swedish alternative rock,0.1972952569169961
escape room,0.19730648730020267
classical saxophone,0.1974
new rave,0.1974245079504769
modern alternative rock,0.1974293311457804
russian punk,0.1975
afrofuturism,0.19754527869490995
modern old-time,0.1975948717948718
salsa choke,0.19762409909909914
rock-and-roll,0.19780977340190456
deathcore,0.19782007407407406
chicago punk,0.1978866056166056
viola,0.1979217741935484
hi-nrg,0.19795711451237846
vocal trance,0.1979980769230769
slovenian electronic,0.198
funk das antigas,0.198
triangle indie,0.198
mantra,0.1980868
popwave,0.19812000000000002
chicago indie,0.19826827048768225
french soundtrack,0.19843850971492275
nightrun,0.19844800000000004
power thrash,0.198475
indian folk,0.1985
schlager,0.19851666666666667
jazz drums,0.1985533110645862
manila sound,0.19855925925925927
miami bass,0.1985759852216749
uk82,0.19859687499999995
phonk,0.19860843253968247
classic australian country,0.19866666666666666
sound team,0.19866875
classic opm,0.1987396306665691
blues,0.19913064406952485
future bass,0.1991831623931624
viking folk,0.19922222222222216
nordic folk,0.19922222222222216
j-rock,0.19932015931372546
kentucky mountain folk,0.19934864864864865
baiao,0.19942666666666664
north carolina hip hop,0.19947712154659905
korean mask singer,0.1995
latin alternative,0.19950572265296845
punjabi pop,0.19957142857142854
german techno,0.19961844973544973
nuevo tango,0.19976842105263165
australian alternative rock,0.19977822916666665
atl trap,0.1998197812851817
indie garage rock,0.19987866560676296
charlotte nc indie,0.199925
dong-yo,0.19995
nueva ola chilena,0.20001666666666665
bouncy house,0.20033333333333336
gaming edm,0.20055110544217689
country rock,0.2005569428158984
tape club,0.20058484848484853
scottish rock,0.20060378787878788
thrash metal,0.2006076646868332
austrian orchestra,0.20078593658250146
indie r&b,0.20088335317460307
country gospel,0.2008838014519064
metal guitar,0.20089534313725488
roots rock,0.20099153413520604
italian blues,0.201
second line,0.201
glitch,0.2010302900107412
classic persian pop,0.20110652173913046
new orleans blues,0.20113947041020425
death metal,0.2011442019527385
protopunk,0.2012954581942987
edmonton indie,0.20140289855072468
traditional country,0.20145346688156385
jazz flute,0.20147306547619048
emo,0.2014853965559214
uk doom metal,0.20154781746031747
boston hardcore,0.20155714285714285
madchester,0.20158076944724174
kannada bhava geethe,0.2016875
string folk,0.201741184041184
grunge,0.2017669971472124
british invasion,0.20179494449585736
rhode island rap,0.20181818181818184
christchurch indie,0.20183333333333334
korean trap,0.20199999999999999
steelpan,0.20199999999999999
northern soul,0.2020048437002533
canzone genovese,0.20206013513513515
supergroup,0.2020710903649081
j-poprock,0.20208997767857148
rockabilly,0.2022021069167141
easy listening,0.2022227118824228
brazilian boogie,0.2024172494172494
indie electronica,0.2025
latin arena pop,0.20255679401247034
canadian contemporary country,0.2028757952069717
dusseldorf electronic,0.20294722222222225
atlanta punk,0.203
sotalaulut,0.203
iskelma,0.203
classic finnish pop,0.203
humppa,0.203
greek clarinet,0.20301081888626213
spanish pop rock,0.20301861327400814
early american folk,0.20304375
doo-wop,0.20317848891949514
classic bhangra,0.20333333333333334
hardcore techno,0.20334488373944887
kundiman,0.20362333333333327
progressive rock,0.2036525290800259
gothabilly,0.20365820105820107
trap,0.203756214117458
bass trap,0.20378392551892555
indietronica,0.2039083126167273
philly indie,0.2039783727621484
fo jing,0.204
noise pop,0.20400248787797567
german romanticism,0.20406371178012533
bolero,0.20408757235594105
dark hardcore,0.2042
zolo,0.2042062899835027
san diego indie,0.2043148148148148
christian music,0.2043248746905895
argentine rock,0.20437384492758934
virginia metal,0.20444807692307693
neon pop punk,0.20449143263390265
flamenco guitar,0.20458432539682544
belly dance,0.20460432330827072
dubstep,0.20460824074074072
deathrock,0.20472508333333336
canadian classical,0.2048876404494382
dark cabaret,0.20497777777777776
deep latin alternative,0.205
perreo,0.20505545723167312
britpop,0.20522436855005166
progressive metalcore,0.2052545454545455
deep motown,0.2053333333333333
latin hip hop,0.20546283483570205
muzica populara,0.20549285714285714
nashville singer-songwriter,0.2056335227272728
british indie rock,0.20572357954545453
dutch house,0.20574415584415587
surf punk,0.2059688888888889
danish post-punk,0.20600000000000002
danish singer-songwriter,0.20600000000000002
salsa international,0.20604564757713428
polish classical,0.20615651127797152
irish rock,0.20619351495586802
nu disco,0.2063704545454545
broadway,0.20652533323083505
washington indie,0.20672474545454544
chaotic hardcore,0.20675
underground hip hop,0.20675455310166715
ranchera,0.20682931505034244
louisiana metal,0.2068791666666667
rock nacional brasileiro,0.20692833333333333
otacore,0.20695425764933167
stomp pop,0.20699866138763204
wassoulou,0.207
post-screamo,0.20705843537414972
rave,0.20724856297548605
drum and bass,0.2073815476190476
latin afrobeat,0.2073828888888889
old school hip hop,0.2074263184410196
viral trap,0.20751785714285712
jazz trumpet,0.2078918783750102
canzone napoletana,0.20789627119127527
eurodance,0.20796851540267305
nu metal,0.2079940692408875
progressive bluegrass,0.20800828183736755
string band,0.20800958333333333
folklore ecuatoriano,0.20806959706959707
candy pop,0.2080729739381133
pop emo,0.20812898811073466
classic girl group,0.2082038729046186
canadian post-hardcore,0.20824086956521745
sevdah,0.20829166666666665
electro house,0.20831990313826
old school uk hip hop,0.20836
cartoon,0.2083814700632324
brutal death metal,0.2084553968253968
vintage italian pop,0.2085250015274327
jazz quartet,0.2085841734627553
turkish pop,0.20861256684491986
edm,0.20869474510968627
traditional bluegrass,0.2087208333333333
australian rock,0.20874189802901807
trancecore,0.2088541352657005
stomp and whittle,0.209
gaming dubstep,0.209
beat italiano,0.209
rap,0.2090767416491892
persian traditional,0.20911
southern hip hop,0.20927647011084505
pop punk,0.20945930167648533
acoustic punk,0.20948062442607893
boston rock,0.2095159489965231
orkney and shetland folk,0.209525
jug band,0.209530625
horror punk,0.20955035870155328
christian hardcore,0.2096
musica piemonteisa,0.20970000000000005
german soundtrack,0.2097297465437788
west coast rap,0.20976163742835816
punta,0.2098
musica hondurena,0.2098
canadian choir,0.20990714285714285
emo punk,0.2099074074074074
uk dance,0.21001331255908834
alternative metal,0.21002977312504295
socal pop punk,0.21004145278200487
christian hip hop,0.2100725185185185
bmore,0.21010300751879696
show tunes,0.21020201843032352
swedish death metal,0.2103432765151515
bubblegum dance,0.21045387220187226
paisley underground,0.21050888888888888
gainesville indie,0.21083333333333326
houston rap,0.21098955862761987
marching band,0.21100000000000002
buffalo ny metal,0.21111944444444444
progressive trance house,0.21117500000000008
brostep,0.2116123990685672
deep euro house,0.2116833333333333
yodeling,0.21175185508143726
classic pakistani pop,0.21192984620710328
marimba orquesta,0.212
vintage swedish pop,0.21206666666666668
rock,0.2121052087902196
italian bass,0.21211597236842866
movie tunes,0.21215494612549016
pixie,0.2121873698610412
mexican indie,0.2122513227513228
bounce,0.2122583823529412
dixieland,0.21227796990480632
cumbia funk,0.2125
historic orchestral performance,0.2128254669595028
australian post-punk,0.2128625
pinoy hip hop,0.21286666666666665
australian hip hop,0.2129932162534435
metalcore,0.2131097702256525
atlanta metal,0.2131375
panamanian pop,0.21317089806744974
tropicalia,0.2131794146054828
big band,0.21326977232111144
bluegrass,0.21332623184667204
brill building pop,0.2133273622385781
virginia hip hop,0.21340590858395006
red dirt,0.21341975694444448
speed metal,0.21344828784787448
rock alternativo brasileiro,0.21345
hard rock brasileiro,0.21345
jangle pop,0.2135601275314724
modern blues,0.2135859792576783
c86,0.2136845238095237
oth indie,0.214
bhajan,0.21401864387464384
modern blues rock,0.21417839512339512
ghazal,0.21422902930350585
la pop,0.214267905982906
knoxville indie,0.2145
hungarian folk,0.2145
keroncong,0.2145
rap napoletano,0.2145
magyar alternative,0.2145
swing,0.21464714910742327
australian dance,0.2146573961849726
p funk,0.2147675247990216
hindustani classical,0.2147893357587517
christian metal,0.21479475076205848
son cubano,0.21483333333333327
ska argentino,0.21488621978970496
album rock,0.21488953424232
worship,0.21489315616072546
future rock,0.2149761904761905
romanian rock,0.2149773261904762
boogaloo,0.21504277918519835
classic peruvian pop,0.2150553571428572
texas country,0.21524379195988227
punk blues,0.21525997353050388
big beat,0.21531132838499548
italian soprano,0.21557436806203967
okc indie,0.21561538461538465
glitchcore,0.2156691358024692
electropowerpop,0.2157137559808613
livetronica,0.21573573776650695
cincinnati rap,0.21575000000000005
nz indie,0.215775
harmonica blues,0.2157799098432023
melodic metal,0.21580380952380948
electronic trap,0.21585655797101444
dutch metal,0.21587777777777772
entehno,0.2159506349206349
taiwan hip hop,0.21600000000000005
classic praise,0.2160784027777778
anthem emo,0.2160917665130568
new jersey indie,0.21611707602339186
solipsynthm,0.21622142857142854
queens hip hop,0.21634267346008013
uk dnb,0.21636666666666665
symphonic rock,0.2163666793583792
welsh folk,0.216525
cypriot pop,0.21653333333333336
easycore,0.21658380952380948
cha-cha-cha,0.21668962418300647
ccm,0.21673163774229984
french shoegaze,0.21676
narodna muzika,0.21685
j-pop,0.21687625277777786
new wave of thrash metal,0.216975
spanish metal,0.21698253968253967
rock baiano,0.216995
crunk,0.21714253022550026
punk 'n' roll,0.21720017777777773
indian classical,0.2172258953491404
spanish classical,0.2172591617473436
german orchestra,0.21727105401886465
virginia punk,0.2173
electric blues,0.21731760247954
pittsburgh rap,0.21735592912946425
military rap,0.2173722222222222
hip hop,0.2174128168220477
welsh metal,0.2174238095238095
st louis rap,0.21748149224806196
nu-metalcore,0.21771018518518528
instrumental bluegrass,0.21772311319905333
italian mezzo-soprano,0.21774421904761904
chicago soul,0.21793729714093069
lafayette indie,0.21800000000000005
polyphony,0.21808
german metal,0.21811254695179505
grave wave,0.2183012878787879
kindie rock,0.21837489718614728
dirty south rap,0.2184423842951206
antiviral pop,0.21847258991008991
minneapolis indie,0.2186479717813052
[],0.21869585415040732
modern power pop,0.21876154637612624
psychobilly,0.21893313932980604
zambian pop,0.21899999999999997
pibroch,0.219
classic rock,0.2192113603528552
swedish power metal,0.2194142857142857
asmr,0.21944444444444444
birmingham metal,0.21958559981684966
norwegian black metal,0.21972666666666668
french hip hop,0.21995
old school rap francais,0.21995000000000006
shaabi,0.22
psychedelic rock,0.2200035158354704
progressive electro house,0.22002284385884388
gypsy punk,0.220125
brutal deathcore,0.22013000000000008
wrestling,0.2202696207285716
black metal,0.22031804367201427
french metal,0.22036875000000009
french death metal,0.22036875000000009
glam punk,0.22062548209366392
hardcore hip hop,0.22067387969813448
cancion melodica,0.22082821440603825
indie pop rap,0.2208561634161634
puerto rican pop,0.22086478138875912
neo-traditional bluegrass,0.22087958333333327
kolsche karneval,0.221
ukrainian electronic,0.221
j-metal,0.22110185185185185
experimental rock,0.2211022584147119
art punk,0.22118222390753384
baltimore indie,0.22129564814814812
cinematic post-rock,0.22129722222222226
pop house,0.2213555555555556
pop romantico,0.22139474961731376
florida death metal,0.22145
classic mandopop,0.22147796238311668
techno kayo,0.22163945864661647
crust punk,0.22167482905982905
liquid funk,0.2216958333333333
swiss black metal,0.22171249999999995
pop soul,0.22179358276644
light music,0.2218304656862745
east coast hip hop,0.2218384045910687
chicago hardcore,0.2218737037037037
melodic metalcore,0.2222954002904524
deep classic garage rock,0.2225
ragtime,0.2225434715778952
uk metalcore,0.2226681871118012
classic schlager,0.2227925
gangster rap,0.2228183607279667
anthem worship,0.22287702422807146
new orleans jazz,0.22301498409812115
bleep techno,0.2230438596491228
italian baritone,0.22305288725971686
japanese electropop,0.22319375
gothic alternative,0.2234
hoerspiel,0.22345656512605053
k-rap,0.2235876984126984
rap metal,0.2236327672172102
okinawan pop,0.22363333333333327
eurobeat,0.2236666666666667
rap rock,0.2236724870908626
new orleans funk,0.2239879380697216
thai idol,0.22399999999999998
native american hip hop,0.22399999999999998
cabaret,0.22401987607164084
electro-pop francais,0.22403333333333333
old-time,0.22405903788821666
nintendocore,0.2240855042016807
mariachi,0.22416394705215206
bangla,0.22417221074380167
dirty texas rap,0.22427189153439148
miami metal,0.2244
jazz trombone,0.2244102905622933
nuevo flamenco,0.2245392857142857
san marcos tx indie,0.22472826086956524
turbo folk,0.22486428571428568
torch song,0.2249164700872402
arkansas country,0.2251949538683529
synth funk,0.2253439463776964
polka,0.2254402777777778
classical tenor,0.2254516582759332
sertanejo universitario,0.22548084967320256
deep ccm,0.2257993711967545
alberta country,0.22580333333333336
italian opera,0.2258220018638747
screamo,0.2259571651812133
brazilian ska,0.226
carnatic vocal,0.22608224501424504
finnish alternative rock,0.2262
canadian metal,0.2263150051584112
irish folk,0.226354050089831
power metal,0.22639038868502645
swiss rock,0.22641538461538466
swamp pop,0.2265001364468865
uk worship,0.2266333333333333
neofolk,0.2266666666666667
martial industrial,0.2266666666666667
progressive uplifting trance,0.22671666666666665
vintage chinese pop,0.2268027718147999
shanty,0.22687976190476195
austin americana,0.22688125
portland metal,0.227
black 'n' roll,0.227
blackened crust,0.227
norwegian death metal,0.227
instrumental rock,0.2271460533581869
scottish fiddle,0.2272
boom bap,0.2272313131313132
us power metal,0.2272499388728555
cante flamenco,0.2273
slamming deathcore,0.2273148148148149
bluegrass fiddle,0.2274233333333333
czech classical,0.2276319124423963
latinx alternative,0.22767777777777776
bronx hip hop,0.2277344177489177
family gospel,0.227975
rock keyboard,0.2279936411706563
underground rap,0.22802626506024096
jazz metal,0.22805
pop violin,0.22815416666666666
pinoy traditional,0.2282
opera,0.22821844150519746
brazilian indie,0.2282586666666667
sheffield indie,0.2283943055555555
canadian punk,0.2283966185427476
deep adult standards,0.2284265463111729
clawhammer banjo,0.2285
djent,0.22863125
sludge metal,0.2287022058823529
anime rock,0.2287392592592593
tamil hip hop,0.22899999999999998
indian instrumental,0.22904375
punk,0.2290668681720253
corrosion,0.22924000000000005
nz singer-songwriter,0.22940000000000005
german hard rock,0.22942508771929834
groove room,0.22947407407407405
conscious hip hop,0.2296041540358376
classic bollywood,0.22961500211378405
spanish pop,0.2296333846800969
nyc rap,0.22963422370530706
death 'n' roll,0.23025
psychedelic blues-rock,0.2303323809523809
acid rock,0.2304514628310576
children's folk,0.2305159722222222
sleaze rock,0.23060234210338304
groove metal,0.23065893074228755
metal,0.2307361405136077
czech classical piano,0.2307666666666667
swedish jazz,0.2307695476190477
g funk,0.2308292715140932
irish fiddle,0.2308333333333333
vintage schlager,0.23083606617647065
guitarra portuguesa,0.23086
chill beats,0.231
german choir,0.23108752873563226
shred,0.2311055215686275
southern metal,0.2312666666666667
victorian britain,0.23141118055555554
west african jazz,0.2314166666666667
post-hardcore,0.23167919975069684
carnatic,0.2317323351851852
oi,0.2318184374999999
industrial hip hop,0.2318535714285714
oc indie,0.2319214285714286
malmo indie,0.23199999999999998
singaporean singer-songwriter,0.2321481481481481
celtic punk,0.2322876139166755
classical soprano,0.23229614103154275
danish rock,0.2324697368421053
american modern classical,0.2324952150490897
mod revival,0.23260222222222224
glam metal,0.2327006047872142
australian house,0.2327357142857143
psicodelia brasileira,0.2328591666666667
finnish classical,0.2328779411764706
oxford indie,0.23307870370370365
nashville indie,0.23314166666666666
greek swing,0.23329333333333324
tolkien metal,0.23332916666666664
afro psych,0.2333333333333333
industrial metal,0.2333360297811561
reading indie,0.23342812500000004
shabad,0.23342857142857146
finnish contemporary classical,0.23348205128205124
acid house,0.2334884615384616
south african alternative,0.2337916666666667
australian singer-songwriter,0.234
black thrash,0.2340683700980392
louisville underground,0.23411875
islamic recitation,0.23425
quran,0.23425
klezmer,0.23429666666666665
danish metal,0.23429684758771924
thai folk,0.2345
russian alternative rock,0.2345666666666667
alternative hip hop,0.2346039974925755
bahamian folk,0.23476148148148146
australian trap,0.23502222222222216
skate punk,0.23505529685484786
mississippi hip hop,0.2354596153846153
welsh rock,0.23547878787878784
blues rock,0.23557477538943314
brazilian reggae,0.23575
indie game soundtrack,0.2359538461538461
street punk,0.23601999999999998
southern rock,0.2363620485723391
jacksonville indie,0.2369375
french movie tunes,0.23716666666666664
veena,0.23719285714285715
big room,0.23728534886516464
swedish metal,0.23741952000826674
minimal wave,0.23772
ska punk,0.2379831040309248
heartland rock,0.23805710595639645
cambodian rock,0.2381047619047619
khmer,0.23817777777777785
neo classical metal,0.2382278235405805
new tribe,0.2385
scottish metal,0.2386
nwobhm,0.2387650568860649
australian metal,0.239
american orchestra,0.23903808549231986
hard rock,0.239137945302948
progressive metal,0.2393464344135397
melodic dubstep,0.2395664181286549
technical melodic death metal,0.24
modern swing,0.24
tango,0.2400168519832063
boston punk,0.2402025603864735
new jersey hardcore,0.24021835774965325
bengali folk,0.2402293333333333
italian orchestra,0.24072633246040984
trap mexicano,0.2408333333333333
dreamo,0.24096548509880145
circus,0.24100000000000002
cowpunk,0.2410961926621261
swedish indie rock,0.2413388888888889
industrial,0.2415319359911079
hungarian choir,0.2415625
political hip hop,0.2419950135711605
italian tenor,0.2419966310927665
finnish death metal,0.2423333333333333
glam rock,0.2423889632344298
funk metal,0.2426419409223305
progressive power metal,0.243
deep acoustic pop,0.243
melodic hardcore,0.24302951609402504
cantautor,0.2430498239848919
jam band,0.2432174123583163
frenchcore,0.24336666666666665
melodic hard rock,0.24342222222222226
world worship,0.2437353830504023
doom metal,0.2437899739583333
latintronica,0.2438
chinese traditional,0.24395
bassline,0.243968
trival,0.244025
post-post-hardcore,0.2444444444444445
ohio indie,0.244609090909091
harlem hip hop,0.2447185019609371
classical mezzo-soprano,0.2447660324135261
kabarett,0.245
uk garage,0.2452333333333333
flint hip hop,0.2453642857142857
gabba,0.2454952380952381
dc hardcore,0.2456934444444445
hardcore punk,0.2459028948451472
uk noise rock,0.24600000000000002
chill lounge,0.2463333333333333
eurovision,0.24644444444444444
moombahton,0.2468139309210527
hyperpop,0.2468144642857143
german power metal,0.2468260606060606
operetta,0.2469690647297103
bluegrass gospel,0.2471932336822473
vienna indie,0.2473333333333333
melodic death metal,0.2473475252525253
thrash core,0.24747561069365426
skiffle,0.247525
auckland indie,0.24785
classic italian folk pop,0.24804809891905485
funana,0.2481333333333333
vintage tango,0.24815153063932804
midwest americana,0.24840000000000004
austrian choir,0.24920972222222226
viking black metal,0.24921764705882346
swedish black metal,0.24921764705882346
norwegian punk rock,0.24965
norwegian metal,0.2498583333333333
hindustani instrumental,0.2505164285714286
modern ska punk,0.25075241196581194
german opera,0.2507562623285781
ohio hip hop,0.2509927376376864
trance,0.2510882193661778
folclore extremeno,0.25134
novelty,0.2517816326530612
street band,0.2518333333333333
beatlesque,0.2520313145302472
turkish folk,0.25207524509803925
arkansas hip hop,0.2521333333333333
jazz clarinet,0.2521743551208765
british blues,0.25239326856651
musikkorps,0.2525
arab folk,0.25259682138037404
jamgrass,0.2526446726190476
irish classical,0.25273333333333325
calypso,0.2528329175182202
old west,0.2528333333333333
tamil worship,0.2528678571428571
deep indie singer-songwriter,0.253
new orleans rap,0.2531819338419462
opera chorus,0.2532616554206028
vintage jazz,0.25347262717439434
drama,0.25353086419753085
porro,0.25396
industrial rock,0.2539649495397895
e6fi,0.2541858732623484
german rock,0.2543588230994152
german heavy metal,0.25450526315789473
sertanejo,0.2546566320645905
minneapolis punk,0.2548083333333333
japanese pop punk,0.2548395833333334
vintage rockabilly,0.255
south african hip hop,0.2550833333333333
deep underground hip hop,0.2551317051820728
swedish hardcore,0.2555
swedish post-hardcore,0.2555
italian romanticism,0.2555140206354329
psychedelic hip hop,0.25582378281149737
zydeco,0.25587658730158724
neue deutsche harte,0.2559768367346939
deep free jazz,0.256
power-pop punk,0.2563518518518519
miami hip hop,0.2563823626636355
boston indie,0.256493
classical trumpet,0.2565560606060606
rock andaluz,0.257025
psychedelic pop,0.2573622119815668
folk punk,0.25777477897603485
manchester hip hop,0.25820000000000004
classical bass,0.258396609718396
australian indigenous,0.2585
philly rap,0.2585705318451595
technical deathcore,0.2588
progressive house,0.2591163559439302
modern big band,0.2595
souldies,0.25958299721112216
aggrotech,0.25966666666666666
southern gospel,0.2596911764705881
montreal indie,0.26022222222222224
atlanta indie,0.26024
music hall,0.2607662337662338
icelandic folk,0.260875
surf music,0.2609830723891494
acousmatic,0.2610061823671498
gospel r&b,0.26169519563450605
reggae en espanol,0.2617059775192128
british power metal,0.26176
icelandic pop,0.2619075773558369
belarusian indie,0.262
funk paulista,0.262
sovietwave,0.262
danish electropop,0.263
rap conciencia,0.2630575950292397
wyoming indie,0.263075
banjo,0.2630775200298097
emocore,0.26309999999999995
vintage gospel,0.2641160000000001
japanese vgm,0.2642739705882353
swedish garage rock,0.2649166666666667
noise rock,0.2651282633053222
folktronica,0.2653066666666667
psychedelic punk,0.26555666666666666
fidget house,0.26571333333333336
hardcore,0.2657511363636364
anime latino,0.265878
jazz mexicano,0.2665
macedonian folk,0.26687500000000003
neo-trad metal,0.26699047619047617
chill out,0.2670000000000001
new jersey punk,0.26722148274965324
kayokyoku,0.2676230158730159
rawstyle,0.2678146666666668
nova canco,0.2679333333333333
haitian traditional,0.26809166666666656
west end,0.2681590198579432
modern indie pop,0.26827343749999993
quebec death metal,0.2685
celtic metal,0.2687071428571429
dunedin sound,0.26890000000000003
gothic americana,0.26899999999999996
japanese prog,0.26899999999999996
japanese post-hardcore,0.26899999999999996
uplifting trance,0.2692456790123458
chunchaca,0.269325
uk funky,0.26937878787878794
vintage hollywood,0.2696281897539033
danspunk,0.27
dutch death metal,0.27
jazz rock,0.27050730784857185
jazz double bass,0.27130855479038946
motivation,0.27131562499999995
guidance,0.27131562499999995
belgian hardcore,0.2718
italian power metal,0.2725
rif,0.27265555555555554
christian metalcore,0.27270212121212123
canadian comedy,0.27275
hammered dulcimer,0.273
xhosa,0.2730473684210526
deep uplifting trance,0.2732229166666667
classic punjabi pop,0.2733333333333333
sacred steel,0.2734375
straight edge,0.27367728619528625
neue deutsche todeskunst,0.27411111111111114
texas punk,0.274575
springfield mo indie,0.275
drone metal,0.27531666666666665
futurepop,0.27535000000000004
rai,0.2755815789473687
battle rap,0.2758421515490989
leicester indie,0.27588
chicano punk,0.2766629629629629
swedish melodic rock,0.2767315789473684
go-go,0.27676666666666666
brazilian hip hop,0.277
nwothm,0.2771666666666667
progressive psytrance,0.2771904761904761
vaporwave,0.2773876984126984
early us punk,0.2775291383020345
danish electronic,0.2776936507936508
euphoric hardstyle,0.27825090909090905
electronic rock,0.2783342024085168
kawaii future bass,0.2784818027210884
soda pop,0.27884000000000003
ebm,0.2788940404040404
uk contemporary r&b,0.27932412655971484
progressive post-hardcore,0.27979631336405536
rochester mn indie,0.28
marathi traditional,0.2801425526779913
melbourne bounce,0.2804407407407407
idol rock,0.280625
austro-german modernism,0.2809033333333333
mountain dulcimer,0.28107836105336104
instrumental surf,0.28118465277777777
praise,0.2812589597069597
orgcore,0.2813022727272727
taiwan campus folk,0.2818733333333333
deep dance pop,0.28200000000000003
german oi,0.282196875
kentucky indie,0.2829239436619718
classic indo pop,0.28300000000000003
indonesian indie,0.28300000000000003
dangdut,0.28300000000000003
worcester ma indie,0.2831666666666667
latin talent show,0.2833432203389831
spiritual hip hop,0.284
classic arab pop,0.285197001243161
german punk,0.28537
spanish new wave,0.2854708823529411
focus trance,0.28553333333333336
proto-techno,0.28555143738977073
collage pop,0.28558124999999995
progressive trance,0.2859132666666666
grunge pop,0.2864166666666667
el paso indie,0.2866666666666667
nl folk,0.2867439393939394
southampton indie,0.2868333333333332
anarcho-punk,0.2868564102564103
papuri,0.28686
belgian singer-songwriter,0.2872
classical oboe,0.2873125
nyhc,0.2874712188552188
autonomous black metal,0.2876254901960784
pagan black metal,0.2876254901960784
classic russian rock,0.2876826388888889
jazz violin,0.2882225258838384
dark minimal techno,0.2882600000000001
happy hardcore,0.2883444444444445
japanese new wave,0.28844315789473685
swedish hard rock,0.28884417661801554
warm drone,0.289
baton rouge indie,0.289
oxford choir,0.289
university choir,0.289
israeli hip hop,0.289
complextro,0.2898765240384616
boom bap brasileiro,0.29
ambient house,0.29
rap nacional antigo,0.29
chopped and screwed,0.2900954916815211
detroit hip hop,0.29031737578462513
wu fam,0.2903649305555555
tampa indie,0.290409090909091
latin christian,0.29142556312202905
swedish choir,0.29200000000000004
folclore tucumano,0.29222000000000004
italo dance,0.2928944444444445
dutch trance,0.29426222222222226
pop argentino,0.2944083333333333
japanese singer-songwriter,0.29455185185185184
san diego rap,0.2948055
progressive alternative,0.295
norman ok indie,0.295
russian metalcore,0.2952222222222222
russian metal,0.2952222222222222
belgian dance,0.2957
comic metal,0.2960611803340423
garage punk blues,0.2967
one-person band,0.29683750000000003
guaracha,0.297
circuit,0.297
diy emo,0.29815
messianic praise,0.2985535714285714
chihuahua indie,0.2986666666666667
welsh indie,0.2993
pinoy praise,0.29956666666666665
german underground rap,0.3
classic french pop,0.3
japanese jazztronica,0.3
pakistani pop,0.3000246153846153
double drumming,0.3001325578891069
brazilian edm,0.3010333333333333
beatboxing,0.30116666666666664
hardstyle,0.3014583333333333
deep g funk,0.3018
pirate,0.3021625
enka,0.30260000000000004
trad jazz catala,0.3032
indie hip hop,0.3035133333333333
classic iskelma,0.3038
argentine telepop,0.305
dutch blues,0.305
swing revival,0.3058766666666667
gypsy,0.3065
estonian pop,0.3065714285714285
glitch hop,0.3069560401002506
coco,0.30721
japanese metalcore,0.30766666666666664
uk dancehall,0.3077942857142857
post-doom metal,0.308
post-metal,0.30866666666666664
folclor afrocolombiano,0.30910000000000004
british dance band,0.3094477011338972
barbershop,0.3098361111111111
sudanese pop,0.31
folklore argentino,0.3100485714285714
rockabilly en espanol,0.31046875
french psychedelic,0.3105
forro,0.31064
swiss metal,0.31088499999999997
cumbia pop,0.3115
austin singer-songwriter,0.31261666666666665
vintage country folk,0.3136235615079365
kansas city hip hop,0.3137771543489189
psychill,0.31382000000000004
contemporary folk,0.313925
yiddish folk,0.314
progressive sludge,0.3142708333333333
panamanian rock,0.3145
reading,0.3153045640884471
russian ccm,0.315432
liverpool indie,0.3157392857142857
adoracion,0.31598571428571426
full on,0.31634
j-punk,0.317
canterbury scene,0.3177723214285714
digital hardcore,0.31991176470588234
cumbia ecuatoriana,0.32049038461538465
jamtronica,0.3209333333333333
swedish metalcore,0.321
belgian new wave,0.3215
musique pour enfants,0.322
histoire pour enfants,0.322
german literature,0.3220750233426704
balearic,0.3223
hip hop cubano,0.3227777777777777
uzbek traditional,0.32299999999999995
chinese electropop,0.32299999999999995
british alternative rock,0.3232727272727273
new england americana,0.3240666666666667
j-idol,0.3243809523809524
rock cristiano,0.324655303030303
dabke,0.3254142857142859
omaha indie,0.32572500000000004
turkish edm,0.326
ambient black metal,0.3260333333333333
atmospheric black metal,0.3260333333333333
dungeon synth,0.3260333333333333
kiwi rock,0.32634462365591405
soul flow,0.3266636363636364
celtic harp,0.327
musica prehispanica,0.3271833333333334
forro tradicional,0.32848
syrian pop,0.3310423076923077
oshare kei,0.33299999999999996
gospel,0.3335043909486947
viking metal,0.33441127450980385
fast melodic punk,0.335
ottawa indie,0.335
american choir,0.336345078605605
orquesta tipica,0.33673956709956704
tango cancion,0.3388188552188552
baglama,0.33899999999999997
uk rockabilly,0.33899999999999997
cyberpunk,0.3391508865489131
bandoneon,0.33932406015037603
nisiotika,0.3400347222222222
latin worship,0.3402635337919164
pop flamenco,0.34037500000000004
black punk,0.34097074074074074
fort worth indie,0.34165
psychedelic trance,0.3419166666666666
german post-hardcore,0.342
belarusian rock,0.34600000000000003
belarusian pop,0.34600000000000003
perth indie,0.34600000000000003
zimdancehall,0.34700000000000003
japanese punk rock,0.34700000000000003
electro-industrial,0.3471811570247934
oratory,0.349
american oi,0.349756
brazilian percussion,0.35042
kawaii metal,0.3509
alt-idol,0.3509
folk metal,0.3515833333333333
nederlandse hardstyle,0.35200000000000004
volksmusik,0.35521250000000004
lo-fi cover,0.35600000000000004
contemporary gospel,0.3565543068783069
wind quintet,0.35714100000000004
beninese pop,0.358
classic turkish pop,0.3583888888888889
danish jazz,0.3593388888888889
sleep,0.3606606235801202
calgary indie,0.361
oud,0.3611891025641025
21st century classical,0.3616
indie triste,0.36200000000000004
columbus ohio indie,0.3625
military cadence,0.3629115384615385
japanese piano,0.3640000000000001
croatian folk,0.366
trap dominicano,0.3662730158730158
nu skool breaks,0.36664242424242427
swedish underground rap,0.3670000000000001
pittsburgh indie,0.36835
turkish jazz,0.3684043672014261
halloween,0.3693799707602339
organic house,0.3723625
argentine hardcore,0.3726
ethnotronica,0.37345
vintage spanish pop,0.3745
danish alternative rock,0.3745
russian edm,0.375
folklore veracruzano,0.376
bristol indie,0.376
punk rock italiano,0.376
jig and reel,0.3766354166666666
mongolian hip hop,0.3772
mongolian pop,0.3772
slow game,0.3776777777777778
dansband,0.37799999999999995
horrorcore,0.3793166666666668
sevillanas,0.381
sertanejo pop,0.38261254901960784
plunderphonics,0.388
comic,0.3917627823463409
gothenburg metal,0.3935109090909091
turkish experimental,0.395
musique concrete,0.395
pet calming,0.39526666666666666
hong kong hip hop,0.396
commons,0.396
vancouver metal,0.39628571428571424
ok indie,0.4
erhu,0.401
crack rock steady,0.40158333333333335
vocaloid,0.4044999999999999
argentine punk,0.4062
japanese girl punk,0.40700000000000003
dub metal,0.408
neo-rockabilly,0.414675
dutch cabaret,0.4155
sound,0.4158383012820513
detroit techno,0.4174000000000001
vbs,0.41758958333333335
carnatic instrumental,0.4180937499999999
irish pub song,0.42035625
kleine hoerspiel,0.4204000000000001
shush,0.4206666666666667
tabla,0.4215775510204081
australian underground hip hop,0.422
nz punk,0.42200000000000004
nz hardcore,0.42200000000000004
polish jazz,0.4247000000000001
liedermacher,0.4270000000000001
reggaeton cristiano,0.4294
turkish classical,0.4371295274170274
russian dance,0.439
avant-garde metal,0.4505
naija worship,0.4597833333333334
latin tech house,0.4632666666666666
neo-traditional country,0.4682666666666666
noise punk,0.4703333333333333
brazilian punk,0.474
vintage dutch pop,0.476
sound effects,0.4790333333333334
latino comedy,0.495
experimental folk,0.495
musica tropical guatemalteca,0.4975
japanese garage rock,0.5015000000000001
hokkien pop,0.5046499999999999
barnmusik,0.5155000000000001
environmental,0.5157721899668959
puerto rican rock,0.5204719576719575
danish pop rock,0.5212119047619048
tagalog worship,0.5216370562770563
speed garage,0.5235507936507937
concert band,0.529
middle east hip hop,0.535
palestinian pop,0.535
arabic hip hop,0.535
vaudeville,0.5375
iowa hip hop,0.547
water,0.5485103174603174
nantes indie,0.5545
samba-enredo,0.5887777777777777
norwegian space disco,0.59
spa,0.5920000000000001
japanese rockabilly,0.596
uk diy punk,0.606
black comedy,0.6090008547008546
canadian house,0.615
gospel rap,0.622
psybass,0.624
middle eastern traditional,0.6251666666666665
khaleeji iraqi,0.6251666666666665
tulsa indie,0.632
maine hip hop,0.633
comedy,0.6387749510404439
nordic contemporary classical,0.6418273504273504
mexican son,0.643
deep progressive house,0.648
turkish trap,0.6499333333333334
classic icelandic pop,0.665
j-acoustic,0.669
greek house,0.67
organic electronic,0.67
west australian hip hop,0.687
irish banjo,0.6933333333333334
musica paraibana,0.7040000000000001
atmospheric post-metal,0.706
atmospheric sludge,0.706
dutch jazz,0.706
clean comedy,0.7115127164502165
autoharp,0.7190000000000001
deep comedy,0.72175
new comedy,0.7497
birdsong,0.7998333333333334
mindfulness,0.8642499999999999
trance mexicano,0.88
gujarati garba,0.883
modular synth,0.96
