genres,loudness
binaural,-41.825
brain waves,-41.825
korean classical piano,-37.6195
hungarian contemporary classical,-35.116
caucasian classical piano,-33.962666666666664
canadian classical piano,-33.627376610556944
white noise,-33.503037037037025
baltic classical,-33.47625
classical piano duo,-33.412
italian classical guitar,-32.626999999999995
chinese classical piano,-32.135444444444445
21st century classical,-31.514333333333337
contemporary classical piano,-30.93705357142857
balkan classical piano,-30.9315
australian ambient,-30.804000000000002
singing bowl,-30.684
nordic classical piano,-30.630607142857137
bansuri,-30.6229
boy soprano,-30.311999999999998
british classical piano,-30.118484102564093
cathedral choir,-29.629
dutch classical piano,-29.58316666666667
medieval,-29.471999999999998
american 21st century classical,-29.108
contemporary choir,-29.108
belgian classical piano,-29.0305
tzadik,-29.01133333333333
israeli classical piano,-28.91925686274509
french classical piano,-28.838929505256854
classical guitar,-28.711750055080266
russian choir,-28.49383333333334
rwandan traditional,-28.42
bible,-28.384
guitarra clasica,-28.368815665215287
chinese classical performance,-28.20997222222222
native american spiritual,-28.111
nu age,-28.006999999999998
russian classical piano,-27.77717555251249
tone,-27.762166666666666
japanese classical piano,-27.556428571428572
classical piano,-27.484670203328555
mexican classical,-27.236550000000005
classical piano trio,-27.231666666666666
classical harp,-27.16266666666667
british contemporary classical,-26.925553703703702
sound art,-26.919666666666664
italian classical piano,-26.75892
german classical piano,-26.72684930775301
historical keyboard,-26.723319999999994
american early music,-26.524500000000003
ukrainian classical piano,-26.47590972222221
hungarian classical piano,-26.3807242063492
deep soundtrack,-26.154676190476195
contemporary classical,-26.068679191104607
american contemporary classical,-25.939671039870692
australian choir,-25.875999999999998
kleine hoerspiel,-25.8739
polyphony,-25.7648
background music,-25.691812500000008
german literature,-25.69048284313725
american classical piano,-25.65141646685484
classical horn,-25.584186813186808
korean classical performance,-25.581880952380953
warm drone,-25.493000000000002
indonesian worship,-25.375999999999998
russian orchestra,-25.13115136054422
orthodox chant,-25.112
canadian choir,-25.037992857142864
musica antigua,-24.855999999999998
middle earth,-24.85322481004704
turkish classical performance,-24.7305
brazilian classical piano,-24.72012307692308
university choir,-24.715999999999998
oxford choir,-24.715999999999998
classical cello,-24.67057851321653
avant-garde,-24.66766093033509
flick hop,-24.655
african-american classical,-24.61947206703911
austrian classical piano,-24.528226190476193
classical countertenor,-24.5205
prepared piano,-24.45842857142857
minimalism,-24.260498001791053
welsh folk,-24.17925
drift,-24.10406060606061
musica de fondo,-24.096999999999998
vocal ensemble,-24.03933333333333
atmosphere,-24.01653061224491
latin american classical piano,-23.943203944230408
post-minimalism,-23.9295
spanish classical piano,-23.90525000000001
yoga,-23.888
israeli folk,-23.82533333333333
native american flute,-23.80252367424243
bulgarian experimental,-23.749666666666666
lldm,-23.725
focus,-23.717470899470914
new isolationism,-23.68051515151515
celtic harp,-23.649
early music choir,-23.563125
ukrainian classical,-23.5472328358209
lute,-23.528000000000002
baroque singing,-23.482
burmese traditional,-23.432
icelandic classical,-23.350875
chamber choir,-23.291031124048356
australian classical piano,-23.21
german renaissance,-23.162
finnish contemporary classical,-23.13812820512821
spanish renaissance,-23.11111111111111
swiss classical piano,-22.99732196969697
meditation,-22.906886774891767
chamber orchestra,-22.88768706613295
choral,-22.86638054669416
hungarian classical performance,-22.85314755397109
sitar,-22.839276881720433
theremin,-22.79069397993311
wind ensemble,-22.748
classical flute,-22.677575641025644
nz christian,-22.581999999999997
romanian classical piano,-22.542585042735038
streichquartett,-22.50731590909091
viola,-22.471809139784952
chill guitar,-22.40907729468599
japanese classical performance,-22.396766453735967
classical performance,-22.326791356122495
polish classical piano,-22.31374528619529
serialism,-22.31035
experimental guitar,-22.286777777777786
british choir,-22.23121731251205
hammered dulcimer,-22.1935
ghanaian traditional,-22.18
cambridge choir,-22.143982905982906
english renaissance,-22.1188
swedish jazz orkester,-22.013
danish jazz,-22.009796296296297
musique pour enfants,-21.929000000000002
histoire pour enfants,-21.929000000000002
indian fusion,-21.92091666666667
mindfulness,-21.91
japanese traditional,-21.87583333333333
baroque woodwind,-21.859
american orchestra,-21.826575462080264
norwegian classical,-21.815476190476193
early music ensemble,-21.768423387096767
historic piano performance,-21.755975221919442
italian renaissance,-21.709000000000003
impressionism,-21.683164660288487
danish electropop,-21.671999999999997
haitian traditional,-21.624796428571432
reading,-21.604239806229224
polish modern jazz,-21.58
british modern classical,-21.57956259431382
czech contemporary classical,-21.5795
japanese concert band,-21.568
norwegian experimental,-21.56566666666667
anglican liturgy,-21.54920202020202
spanish baroque,-21.537
nordic contemporary classical,-21.518042735042734
classical oboe,-21.46125
dutch jazz,-21.44
brass quintet,-21.430999999999997
french orchestra,-21.408722749472748
sound,-21.402310897435907
hungarian choir,-21.399375
experimental ambient,-21.36522189606436
world meditation,-21.347714285714282
sleep,-21.34642352127264
modern performance,-21.334000000000003
lullaby,-21.327812091503283
harpsichord,-21.307398431372548
native american,-21.300133032185208
czech classical piano,-21.276333333333326
hoerspiel,-21.245997198879557
spa,-21.193
modern jazz piano,-21.16034920634921
poetry,-21.089006120268625
british orchestra,-21.07767513387912
russian romanticism,-21.05248828184385
shush,-21.014
classical clarinet,-20.999323249299728
oceania soundtrack,-20.991694444444445
kora,-20.978
classical,-20.97263389850173
acousmatic,-20.96456474637681
healing,-20.92815867965368
brazilian contemporary classical,-20.916
ballet class,-20.83672132034632
beat poetry,-20.82727777777778
new zealand classical,-20.822
victorian britain,-20.803577777777775
wind quintet,-20.78272
musica prehispanica,-20.7815
early music,-20.781383427604663
hungarian folk,-20.759333333333327
magyar alternative,-20.759333333333327
ecm-style jazz,-20.752622175258654
pibroch,-20.738000000000003
deep latin alternative,-20.723000000000006
austrian orchestra,-20.683071314393835
italian jazz,-20.67333333333333
dutch folk,-20.666
water,-20.649218749999992
string quartet,-20.623144172459853
hauntology,-20.616
hangpan,-20.56033333333333
birdsong,-20.510833333333334
classical era,-20.49400236397568
dark jazz,-20.4718
german baroque,-20.460115535667885
chakra,-20.42942857142857
classical organ,-20.410004324794432
orchestral performance,-20.384319304960822
norwegian jazz,-20.38065238095237
harp,-20.315396825396824
radio symphony,-20.241996591229285
shakuhachi,-20.163416666666667
canadian experimental,-20.12978571428572
string orchestra,-20.128
czech classical,-20.12410115207373
mountain dulcimer,-20.122170824670828
orkney and shetland folk,-20.111
baroque,-20.01449143026103
chamber ensemble,-20.0105
orchestra,-19.999912246282523
quatuor a cordes,-19.9955
contrabass,-19.988854166666666
visor,-19.956333333333333
koto,-19.911333333333328
early modern classical,-19.90472150194144
australian classical,-19.9035
american choir,-19.877883885850988
piano cover,-19.85190769230769
renaissance,-19.84157692307692
calming instrumental,-19.81881560201316
modular synth,-19.817999999999998
classical contralto,-19.79882512077295
neoclassicism,-19.738232539958478
polca paraguaya,-19.726166666666668
guitarra argentina,-19.718016339869283
early avant garde,-19.63069843725211
italian baroque,-19.626027241840557
american romanticism,-19.624194055944052
compositional ambient,-19.61135415881128
post-romantic era,-19.591079590326416
kabyle,-19.576
ambient,-19.52910198007929
duduk,-19.49525
armenian folk,-19.49525
south african choral,-19.487571428571428
cornish folk,-19.486
uzbek traditional,-19.483
baroque ensemble,-19.47715497359261
asmr,-19.465666666666667
irish indie,-19.457
art song,-19.44371200510856
neo-classical,-19.43666022727273
nordic orchestra,-19.303322222222214
swedish choir,-19.2855
hindustani instrumental,-19.19976964285714
classical soprano,-19.184382980407893
free improvisation,-19.16631012691115
drone,-19.15033633129323
chinese instrumental,-19.13422222222221
taiwan hip hop,-19.116333333333333
arabic jazz,-19.114
gamelan,-19.0715
mizrahi,-19.05785714285715
swiss worship,-19.055
classical mezzo-soprano,-19.00995905522848
baroque violin,-19.000680555555558
violin,-18.99214612280048
trio cubano,-18.977999999999998
finnish classical,-18.942852941176465
sound effects,-18.883966666666666
gregorian chant,-18.87292711038961
historically informed performance,-18.86625672176245
irish classical,-18.860407407407404
concert band,-18.85909090909091
scottish jazz,-18.814
fingerstyle,-18.783863394699686
polish classical,-18.783652619111475
late romantic era,-18.767483362072177
classical bass,-18.73953910916361
environmental,-18.7375702890247
vintage dutch pop,-18.6735
swedish jazz,-18.657499523809527
historic string quartet,-18.654458120748306
j-ambient,-18.6275
kirtan,-18.61358680555556
moog,-18.596051902319907
christmas instrumental,-18.577983847547067
french baroque,-18.556555555555555
ethnomusicology,-18.54072222222221
barockinterpreten,-18.502738095238094
french romanticism,-18.495344127905856
rap napoletano,-18.437000000000005
historic orchestral performance,-18.428947084866227
russian modern classical,-18.36683783076337
fourth world,-18.34768773839605
austrian choir,-18.347583333333333
new age piano,-18.33776444537972
brazilian classical,-18.311774999999987
chinese classical,-18.247
chinese soundtrack,-18.247
early romantic era,-18.16094869676272
jazz trio,-18.140113983691734
string folk,-18.09742998712999
polish contemporary classical,-18.08473333333333
new age,-18.07009959367373
indian jazz,-18.067333333333334
french opera,-18.00838368193431
classical trumpet,-17.986646464646466
baroque brass,-17.976666666666674
canadian classical,-17.943981273408234
madrigal,-17.937
galante era,-17.884006155303027
ambient pop,-17.869
german jazz,-17.844101851851853
english baroque,-17.838574020459372
classical tenor,-17.82950766065989
historic classical performance,-17.817984684639505
navajo,-17.795449494949494
skramz,-17.741
pops orchestra,-17.73514540816327
quartetto d'archi,-17.725
norwegian contemporary jazz,-17.686206790123453
straight-ahead jazz,-17.683395061728394
british soundtrack,-17.67563529150159
icelandic experimental,-17.65662658227848
american modern classical,-17.601216754556244
opera,-17.586868912214644
austro-german modernism,-17.579171428571428
vintage classical singing,-17.57344722918407
trova mexicana,-17.570222222222224
nubian traditional,-17.5505
egyptian traditional,-17.5505
nordic soundtrack,-17.54025
scottish fiddle,-17.530866666666668
caucasian classical,-17.48761111111111
contemporary jazz,-17.487227693041042
deep idm,-17.394333333333332
experimental vocal,-17.374817299578062
microtonal,-17.372
german romanticism,-17.367340831943967
audiophile vocal,-17.35033333333333
modern string quartet,-17.308181818181822
italian soprano,-17.298359120845873
mallet,-17.284944444444445
light music,-17.272451143790846
kodomo no ongaku,-17.252499999999998
kabarett,-17.238
latin classical,-17.202532480392374
ethiopian pop,-17.183
soundtrack,-17.15687166685618
italian opera,-17.153489125300585
classical baritone,-17.15212690355045
berlin school,-17.1398203030303
german orchestra,-17.088312707004253
german show tunes,-17.043857142857142
prog quebec,-17.014666666666667
villancicos,-16.996
dutch cabaret,-16.9915
qawwali,-16.95104166666667
portuguese early music,-16.941
modern jazz trio,-16.87383333333333
jazz guitar,-16.86826844462258
432hz,-16.854
folkmusik,-16.8498
detskie pesni,-16.845125
canadian soundtrack,-16.842882646691642
deep northern soul,-16.838
italian orchestra,-16.820458661842878
opera chorus,-16.819880791722895
jazz double bass,-16.79731256210951
harmonica jazz,-16.796
belgian jazz,-16.796
laboratorio,-16.793087738092456
background piano,-16.753508333333336
swiss country,-16.713
german opera,-16.709611754195922
jazz accordion,-16.65238888888889
italian violin,-16.650583333333334
italian romanticism,-16.647047696501296
braindance,-16.644162162162164
guzheng,-16.63
dutch indie,-16.6255
italian mezzo-soprano,-16.602184809523806
vgm instrumental,-16.567999999999998
german soundtrack,-16.551304838709676
italian bass,-16.54727858105422
greek jazz,-16.539
japanese indie folk,-16.438
spytrack,-16.384637681159422
german choir,-16.360812212643687
italian baroque ensemble,-16.294124999999998
dinner jazz,-16.278299999999998
barnmusik,-16.2155
british dance band,-16.189969675682008
shamanic,-16.175460784313724
yiddish folk,-16.169
canadian indie folk,-16.160999999999998
baglama,-16.15
vintage schlager,-16.106781824139908
arab folk,-16.097358330266225
jazz drums,-16.091086404246752
oud,-16.064147435897436
music box,-16.015076923076922
violao,-15.984499880128393
taiwan classical performance,-15.976666666666668
classic soundtrack,-15.9727008445752
messianic praise,-15.892357142857144
free jazz,-15.882991897704626
brass ensemble,-15.874398604401502
vintage italian soundtrack,-15.857889524285051
kentucky mountain folk,-15.852697297297293
canadian americana,-15.837564705882356
italian mandolin,-15.831
christmas product,-15.797
stride,-15.7650760618232
russian jazz,-15.740999999999998
avant-garde jazz,-15.734473549890316
organic ambient,-15.72
nuevo folklore mexicano,-15.682
steelpan,-15.68
jazz piano,-15.654193058340066
danish classical,-15.624681481481481
hindustani classical,-15.609257235831516
french contemporary classical,-15.600999999999999
ambient industrial,-15.59
italian baritone,-15.572941008865287
spirituals,-15.565140892130346
krautrock,-15.5621354912764
contemporary post-bop,-15.55831597631629
guidance,-15.542999999999996
motivation,-15.542999999999996
japanese experimental,-15.5108
neo-pagan,-15.5054
brazilian modern jazz,-15.487000000000002
jazz mexicano,-15.487
abstract,-15.472083333333332
ukulele,-15.446000000000002
bluegrass fiddle,-15.445358333333333
christian relaxative,-15.432696607979812
world fusion,-15.425849701314215
jazz vibraphone,-15.423929234654233
uilleann pipes,-15.4231
greek contemporary classical,-15.3925
american folk revival,-15.390472594469964
classical saxophone,-15.349879999999999
classic japanese jazz,-15.30079285714286
italian pop rock,-15.29
cello,-15.275602603338633
cool jazz,-15.26346648894857
experimental jazz,-15.248
deep free jazz,-15.245
jazz quartet,-15.242939619290965
classic russian pop,-15.239399621212122
japanese classical,-15.219904278074866
jazz brass,-15.174615094029727
operetta,-15.153872952424035
bard,-15.131055555555555
music hall,-15.127220779220787
cabaret,-15.125618598272645
japanese jazz,-15.089015197387411
san antonio rap,-15.07
classic korean pop,-15.043047619047618
classic italian folk pop,-15.031081416540973
old-time fiddle,-15.0185
jazz flute,-15.012933035714285
antilliaanse folklore,-15.002
french soundtrack,-14.986727207092418
japanese vocal jazz,-14.964
folclore navarra,-14.964
ukrainian choir,-14.96
bebop,-14.957285047042859
samba de roda,-14.955109090909092
experimental big band,-14.953
folclore salteno,-14.940499999999998
lo-fi cover,-14.937999999999999
azeri traditional,-14.934500000000002
jazz violin,-14.933094530122654
jazz,-14.929654443901025
latin soundtrack,-14.920727272727273
vintage swedish pop,-14.91881818181818
lds,-14.908257761069338
jazz tuba,-14.9035
accordeon,-14.899000000000001
electric bass,-14.888107706820884
library music,-14.88536315743643
gypsy jazz,-14.879018331298333
pakistani folk,-14.86255
jazz harp,-14.833212703962705
honky-tonk piano,-14.787560606060607
space ambient,-14.783
sarod,-14.751
deep delta blues,-14.739928571428573
hula,-14.71722222222222
american primitive,-14.712518279569895
turkish modern jazz,-14.71
kolsche karneval,-14.696
vintage chanson,-14.692631651029524
scottish folk,-14.68322857142857
yoik,-14.682
norwegian choir,-14.682
chattanooga indie,-14.67
polish jazz,-14.668666666666667
lo-fi chill,-14.665896115288215
polish reggae,-14.658
harlem renaissance,-14.640024886864392
musica para criancas,-14.627333333333334
jazz orchestra,-14.619633333333335
scorecore,-14.589613421047616
bush ballad,-14.5684
jazz clarinet,-14.55759815919991
vintage italian pop,-14.556092578182847
hard bop,-14.527757740928536
post-metal,-14.525
afghan traditional,-14.49766666666667
accordion,-14.4870625
turkish folk,-14.467511274509805
indie triste,-14.460999999999999
indie electronica,-14.425
rabindra sangeet,-14.407776944366255
rosary,-14.399270540481634
argentine ambient,-14.393166666666666
early american folk,-14.3881875
children's story,-14.3615
classic praise,-14.354713541666666
theme,-14.351745701875346
psychedelic folk,-14.350828166533766
french movie tunes,-14.345523809523812
neo kyma,-14.315999999999999
canzone genovese,-14.276031531531535
manila sound,-14.234037037037034
ragtime,-14.227305557692068
violao classico,-14.219555555555553
soukous,-14.2185
carnatic instrumental,-14.215406249999996
slack-key guitar,-14.18010034722222
japanese idm,-14.1665
japanese electronic,-14.1665
jazz fusion,-14.158559513948472
intelligent dance music,-14.157088569357535
instrumental bluegrass,-14.138136561069095
dub techno,-14.13225
chinese traditional,-14.1295
new orleans blues,-14.126006171439867
italian tenor,-14.115737405686245
tuareg guitar,-14.112
western saharan folk,-14.112
musique touareg,-14.112
musica sarda,-14.091500000000002
dunedin sound,-14.065
canadian comedy,-14.043
marching band,-14.037272727272727
relaxative,-14.036694444444445
folklore ecuatoriano,-14.014981684981684
autoharp,-14.013
gypsy,-13.9775
breton folk,-13.977
italian soundtrack,-13.962985668820341
post-rock,-13.956424523075798
dunedin indie,-13.949333333333335
vogue,-13.943
polka,-13.939868055555555
marathi traditional,-13.925690494755404
polish pop,-13.905999999999999
jazz saxophone,-13.847115523135061
outsider house,-13.843280991735542
horror synth,-13.836357142857144
vintage old-time,-13.8345
volksmusik,-13.815
piano mpb,-13.787704761904767
canadian children's music,-13.773508928571427
dansktop,-13.769445175438594
classical mandolin,-13.759975
russian chanson,-13.747148148148147
barbershop,-13.738583333333334
vocal jazz,-13.729736846561625
french jazz,-13.70608209241739
microhouse,-13.694359722222226
pet calming,-13.688333333333333
kundiman,-13.684566666666667
rumba congolaise,-13.684000000000001
drone folk,-13.675672043010753
indian classical,-13.670210928641165
lo-fi brasileiro,-13.644
focus beats,-13.644
keroncong,-13.6345
baiao,-13.6313
hindustani vocal,-13.628410032560033
uk experimental electronic,-13.627064864864867
musica costarricense,-13.622
tin pan alley,-13.614611132120096
movie tunes,-13.606290402334142
contemporary vocal jazz,-13.581222430933487
swedish synth,-13.58
sydney indie,-13.57
spanish indie pop,-13.5692
operatic pop,-13.54324062512251
brazilian jazz,-13.52676863927042
soul jazz,-13.52605136157716
steel guitar,-13.512166666666667
tabla,-13.508673469387755
wassoulou,-13.493
piano blues,-13.492974762097681
space age pop,-13.486947762554266
bajki,-13.48
canto popular uruguayo,-13.4695
proto-rap,-13.463
gospel blues,-13.436191297010607
neoclassical darkwave,-13.432139119729149
bengali folk,-13.431489333333335
british industrial,-13.413204761904767
rock progressif francais,-13.404454545454545
ilocano pop,-13.382875
torch song,-13.378657925783749
exotica,-13.376134473880755
bow pop,-13.376118578993086
italian library music,-13.374533333333332
australian post-punk,-13.35925
funk 150 bpm,-13.337
greek swing,-13.315499999999995
kashmiri pop,-13.308875
detske pisnicky,-13.290999999999999
appalachian folk,-13.286964224022546
jazz trombone,-13.278684072905572
vintage hollywood,-13.278376338074
dub metal,-13.2535
komedi,-13.242049999999995
south african jazz,-13.233240601503761
instrumental acoustic guitar,-13.226187499999998
easy listening,-13.226122768556714
albany ny indie,-13.225
swing italiano,-13.209170702334989
pornogrind,-13.189
danish pop rock,-13.178523809523805
spiritual jazz,-13.178334800272465
rock brasiliense,-13.174916666666665
american post-rock,-13.17078125
shanty,-13.16241666666667
early synthpop,-13.159742283950616
musica alagoana,-13.158615384615386
chiptune,-13.158352941176464
bristol indie,-13.155999999999999
drama,-13.152617283950615
sudanese pop,-13.15
west end,-13.143471251000395
boogie-woogie,-13.141851699346404
mande pop,-13.14090128205128
ambient techno,-13.136666666666667
tagalog worship,-13.133058008658008
muzica populara,-13.132934253246756
wisconsin indie,-13.132200000000005
harmonica blues,-13.131285851789913
shabad,-13.130428571428574
deep smooth jazz,-13.126
norwegian space disco,-13.119000000000002
anadolu rock,-13.1144
big band,-13.113356067167805
musica gaucha tradicionalista,-13.1112
bandinhas,-13.1112
traditional folk,-13.095389590090988
old-time,-13.092549540612064
romanian rock,-13.085663928571426
traditional british folk,-13.079504166666668
nursery,-13.077228937728936
classic australian country,-13.074333333333335
british folk,-13.05668725091717
canzone napoletana,-13.054115286267539
cante flamenco,-13.0425
swing,-13.04140148264007
irish ballad,-13.036
ballroom,-13.035676386865056
outsider,-13.034915128748064
bangla,-13.029993691460055
musica paraibana,-12.99
arab groove,-12.97525
clean comedy,-12.971273534041721
malian blues,-12.969388888888883
vintage swing,-12.966974358974356
contemporary folk,-12.95775
folklore chileno,-12.957249999999998
lounge,-12.954417219804585
futurepop,-12.94625
bossa nova,-12.933531963367408
dhrupad,-12.92244642857143
string band,-12.919398148148147
world,-12.913029942524275
experimental,-12.900940019410891
country blues,-12.897442284370197
tango,-12.866564584670833
disney,-12.85432227192941
finnish soul,-12.849
louisville underground,-12.8436875
jazz trumpet,-12.840643682104053
truck-driving country,-12.839406944444447
son cubano clasico,-12.829202380952385
irish singer-songwriter,-12.827203484848486
classify,-12.826087254901966
irish dance,-12.824000000000002
jazz blues,-12.814052547779895
slowcore,-12.813118422408312
lo-fi beats,-12.807450163576878
ethereal wave,-12.797948095238096
tamil hip hop,-12.792666666666667
vintage country folk,-12.780571180555553
vocal harmony group,-12.77490807102288
vintage gospel,-12.76984
delta blues,-12.740044995648818
beach music,-12.729437499999998
bossa nova jazz,-12.686933333333334
canterbury scene,-12.684620535714286
panpipe,-12.677
romanian folk,-12.677
children's choir,-12.639352272727272
irish folk,-12.635246615950587
depressive black metal,-12.632
argentine indie,-12.613314285714289
nordic folk,-12.611222222222226
viking folk,-12.611222222222226
musica popular mineira,-12.605123557692304
grindcore,-12.581333333333333
indie quebecois,-12.574333333333335
bristol electronic,-12.568
hindi hip hop,-12.565999999999999
video game music,-12.56594979585658
halloween,-12.565361695906432
israeli singer-songwriter,-12.560961904761909
american oi,-12.559320000000005
klezmer,-12.555127777777775
acoustic blues,-12.55490505937252
israeli rock,-12.553781987577644
hawaiian,-12.549590715545492
trova,-12.529703138407486
classic schlager,-12.529580000000001
chinese audiophile,-12.523714285714288
swedish electronic,-12.485666666666665
swedish house,-12.485666666666665
neo-progressive,-12.481921875
a cappella,-12.479387421652426
clawhammer banjo,-12.4625
sertanejo pop,-12.432287058823528
math rock,-12.427656249999998
schlager,-12.404833333333334
nz indie,-12.40075
gospel italiano,-12.386
jazz funk,-12.378125330616276
muzika l'yeladim,-12.378
dixieland,-12.37175674912165
belgian contemporary classical,-12.3655
detroit techno,-12.3634
drill and bass,-12.358791666666665
brit funk,-12.358489904761903
okc indie,-12.348247863247865
british comedy,-12.342342857142857
dusseldorf electronic,-12.340388888888883
mandolin,-12.3337191991342
spanish classical,-12.327585222353404
classic greek pop,-12.3090625
celtic,-12.308483990195313
[],-12.288964675489455
deep christian rock,-12.287659764309769
folk,-12.26032163469316
desert blues,-12.259458333333335
deep tech house,-12.25505882352941
greek guitar,-12.235
nuevo flamenco,-12.229785714285715
musica para ninos,-12.229178571428573
piedmont blues,-12.22868545194593
british jazz,-12.225144927536233
adult standards,-12.221776284593986
slc indie,-12.21751111111111
new orleans jazz,-12.202691412140052
toronto indie,-12.189772307692307
classic opm,-12.189350227150733
british post-rock,-12.184333333333333
ambient house,-12.18375
cowboy western,-12.183369117128096
russian folk,-12.171515277777779
veena,-12.168392857142855
hong kong indie,-12.165999999999999
hong kong rock,-12.165999999999999
bhajan,-12.163438974358973
twoubadou,-12.157749999999998
british experimental,-12.140687755102036
musica infantil,-12.126716666666667
melancholia,-12.121167622404533
roda de samba,-12.113
classic israeli pop,-12.102825056689346
folklore argentino,-12.096857142857145
pinoy traditional,-12.09625
modern psychedelic folk,-12.085333333333333
choro,-12.08504009137427
kizomba antigas,-12.084000000000001
ugandan pop,-12.084000000000001
gabonese pop,-12.084000000000001
turkish psych,-12.082
australian children's music,-12.065409090909087
mantra,-12.05831
louisiana blues,-12.05738572681864
irish pub song,-12.055545238095238
canadian psychedelic,-12.04920476190476
traditional blues,-12.0478610350856
traditional country,-12.027782050398693
instrumental soul,-12.026619146255193
banjo,-12.02381901061718
classic czech pop,-12.014333333333333
blackgaze,-12.013916666666665
ambient folk,-12.00958618233618
japanese instrumental,-12.003565476190474
liedermacher,-11.99
nueva cancion,-11.985458434913127
detroit house,-11.9659
minimal techno,-11.96225
zambian pop,-11.937999999999999
nashville sound,-11.931104179247795
boston folk,-11.927425
cosmic american,-11.923982647214256
bouzouki,-11.899058574879223
pop folk,-11.886996153846152
post-punk argentina,-11.873592372881355
vintage jazz,-11.871954023175695
folk rock italiano,-11.86224
deep soft rock,-11.861535507246375
neue deutsche todeskunst,-11.855666666666664
oratory,-11.85
lo-fi house,-11.839
classic italian pop,-11.833143954987106
tamil pop,-11.832841888888884
lo-fi indie,-11.831661755599473
saskatchewan indie,-11.830385620915036
singer-songwriter,-11.826350106746087
taiwan campus folk,-11.805788095238096
turkish jazz,-11.805657709447415
pianissimo,-11.804
vienna indie,-11.799666666666667
icelandic pop,-11.771830907172994
jazz pop,-11.763813166993089
chicago blues,-11.75241632851358
ghazal,-11.7457142885816
morna,-11.742
cape verdean folk,-11.742
umbanda,-11.733613636363636
rune folk,-11.730833333333333
memphis soul,-11.718282990329008
rai,-11.714629699248116
samba-jazz,-11.705192843462866
children's folk,-11.703519047619045
deep soul house,-11.698
ska jazz,-11.697333333333333
classic polish pop,-11.691166666666668
samba moderno,-11.6885
memphis blues,-11.687203514559338
jazz organ,-11.686518409090908
norman ok indie,-11.685
blues,-11.684419035725751
rebetiko,-11.677420709371916
experimental rock,-11.667165538811796
classic country pop,-11.647595126124015
dabke,-11.645314285714285
uk americana,-11.635990650014355
float house,-11.634491666666667
taiwan indie,-11.63
erhu,-11.629000000000001
progressive bluegrass,-11.626984467591624
indian instrumental,-11.621875000000005
beninese pop,-11.62
classic cantopop,-11.619263588371494
israeli classical,-11.617666666666667
gothic post-punk,-11.61196
nottingham indie,-11.606966666666667
tunisian pop,-11.604000000000001
classic tunisian pop,-11.604000000000001
musica juiz-forana,-11.6
traditional bluegrass,-11.594229166666667
new tribe,-11.5875
canadian singer-songwriter,-11.584573723973739
swiss rock,-11.581846153846154
jazz rock,-11.55863720816915
estonian hip hop,-11.542
uk house,-11.536
deep indian pop,-11.533904799878485
jug band,-11.533784027777774
progressive rock,-11.532533680354266
vintage chinese pop,-11.529202478678044
bluegrass,-11.525689329675044
musica piemonteisa,-11.518
smooth jazz,-11.517310910053425
bahai,-11.515999999999998
minecraft,-11.512717117117116
lebanese pop,-11.503587103174606
stomp and flutter,-11.500745192307697
dark wave,-11.493903555289734
symphonic rock,-11.488428107148948
latino comedy,-11.488
neue deutsche welle,-11.468080555555556
classic bollywood,-11.457412606049305
zurich indie,-11.453333333333335
drone metal,-11.4525
novelty,-11.452359826152682
yodeling,-11.449940355894572
nuevo tango,-11.441315789473686
nova mpb,-11.436841314935059
acid rock,-11.43307330938882
recorder,-11.429
women's music,-11.427071774042954
coverchill,-11.425999999999998
griot,-11.424333333333333
jump blues,-11.421849199993405
art rock,-11.412487050381653
chamame,-11.405
uk contemporary jazz,-11.4035
syrian pop,-11.401692307692304
flamenco guitar,-11.394149140211642
british singer-songwriter,-11.39054155844156
tuna estudiantil,-11.388
musica andina,-11.385866666666667
trash rock,-11.370333333333335
west african jazz,-11.366708333333333
samba,-11.365898086600875
broadway,-11.35495319671316
copla,-11.350091062801928
kindie rock,-11.346207629870124
icelandic indie,-11.336605263157894
deep adult standards,-11.330035463995236
russian folk rock,-11.329833333333333
velha guarda,-11.328907657860626
soul blues,-11.317383891183331
japanese chillhop,-11.313399618112385
turkish pop,-11.307687165775398
swedish stoner rock,-11.306375
japanese vgm,-11.303810294117644
blues mexicano,-11.2975
zolo,-11.295877708526588
yacht rock,-11.288396647673526
persian pop,-11.2831875
new weird america,-11.277768355771865
dansband,-11.270999999999999
mpb,-11.270216284845318
medieval folk,-11.267856428571427
vintage tango,-11.267512842552938
classic arab pop,-11.246851394381178
chanson,-11.234172800137815
jewish cantorial,-11.231
bolero cubano,-11.224706842177431
haryanvi pop,-11.224
folk rock,-11.216327245461876
classic pakistani pop,-11.21071245165416
lancaster pa indie,-11.204785714285716
vancouver indie,-11.190740090090092
flamenco,-11.178636016346838
hammond organ,-11.177158922558922
irish banjo,-11.168333333333335
bluegrass gospel,-11.16777366511914
cosmic post-rock,-11.161
argentine telepop,-11.158
icelandic electronic,-11.154000000000002
italian progressive rock,-11.1514
psychedelic soul,-11.150243825921777
york indie,-11.1475
orquesta tipica,-11.147054545454548
country rock,-11.140793799498649
canzone d'autore,-11.130153846153847
faroese pop,-11.127
cha-cha-cha,-11.11905065359477
yorkshire folk,-11.115333333333332
xhosa,-11.114052631578947
commons,-11.0985
corrosion,-11.09516666666667
calypso,-11.093817654313364
romantico,-11.091783950617288
afropop,-11.091498759690776
french pop,-11.078710739152973
musica hondurena,-11.076
punta,-11.076
small room,-11.05323484848485
chillhop,-11.048508100037326
sotalaulut,-11.048
humppa,-11.048
classic finnish pop,-11.048
iskelma,-11.048
thall,-11.04
instrumental progressive metal,-11.04
italian progressive metal,-11.037
chinese jazz,-11.032
classic mandopop,-11.029953765972552
esperanto,-11.027000000000001
swedish melodic rock,-11.019921052631581
dub poetry,-11.017166666666668
space rock,-11.012935710012208
variete francaise,-11.01
hokkien pop,-11.00925
western swing,-11.008869726048903
slovak electronic,-11.0052
minneapolis sound,-11.001078205274103
lancashire indie,-11.001
classic peruvian pop,-10.995178571428573
comedy,-10.987202227965989
guitarra portuguesa,-10.9844
classic eurovision,-10.982999999999999
icelandic folk,-10.97725
country gospel,-10.97126777421504
instrumental funk,-10.958947659395498
lo-fi emo,-10.954634848484847
deep motown,-10.944666666666668
guadalajara indie,-10.9404
deep disco,-10.938187499999998
japanese soundtrack,-10.936181628787882
southern soul,-10.933407678475447
ninja,-10.928524651190946
afro psych,-10.926333333333332
broken beat,-10.923833333333334
brass band,-10.920291666666666
mbalax,-10.91825
funk ostentacao,-10.915666666666667
ectofolk,-10.91093291246332
nl folk,-10.910765734265736
canadian post-rock,-10.905416666666666
icelandic jazz,-10.897
surf music,-10.88160594046978
pinoy reggae,-10.879096825396823
indie psych-pop,-10.878333333333332
instrumental post-rock,-10.871535714285713
british blues,-10.868952831387308
preschool children's music,-10.852161252923324
post-doom metal,-10.847666666666667
mexican classic rock,-10.845209345506222
kentucky indie,-10.841309859154926
epicore,-10.840171777482924
rennes indie,-10.835
victoria bc indie,-10.827
musica tradicional cubana,-10.825007219922707
jig and reel,-10.8145375
greek pop,-10.813264134855045
modern indie pop,-10.808916666666667
carnatic vocal,-10.805913532763533
classic soul,-10.801344809547913
sunshine pop,-10.79544671260479
musica nicaraguense,-10.793558035714288
outlaw country,-10.789915363502027
soda pop,-10.782466666666668
punjabi folk,-10.77804347826087
french indie pop,-10.77388888888889
russian rock,-10.77162184343434
lo-fi vgm,-10.767999999999999
bolero,-10.763025927837507
christchurch indie,-10.760666666666665
oriental classical,-10.759
ye ye,-10.752139042697184
bakersfield sound,-10.749787764760208
miami bass,-10.748787972085388
neofolk,-10.747333333333335
martial industrial,-10.747333333333335
industrial,-10.745241447159914
new england americana,-10.740666666666668
rock nacional,-10.738731198686377
rumba,-10.738254017804186
dream pop,-10.733200721121447
techno,-10.72715294117647
country boogie,-10.710885245901638
c-pop,-10.709713202494033
mellow gold,-10.706915020568342
musical advocacy,-10.705750000000002
electric blues,-10.701528655059338
indie jazz,-10.689750482722731
canadian indigenous,-10.68491666666667
classic turkish pop,-10.681888888888887
black comedy,-10.677280341880342
laiko,-10.674028481565596
south african country,-10.6655
greek folk,-10.661083333333334
sophisti-pop,-10.659724518212741
highlife,-10.648022222222222
twee pop,-10.643914772727273
vietnamese bolero,-10.642000000000001
v-pop,-10.642000000000001
vietnamese pop,-10.642000000000001
psychedelic rock,-10.635115956608796
dub,-10.633923825814497
honky tonk,-10.633699586621512
son cubano,-10.626312169312172
bandoneon,-10.626302255639095
post-disco,-10.624688768034805
classic danish pop,-10.619256140350881
new mexico music,-10.599189478874699
deep latin christian,-10.598999999999998
second line,-10.596733333333333
substep,-10.5925
chamber pop,-10.590439916091213
uk reggae,-10.588083925567704
geek folk,-10.585
soft rock,-10.577464954651356
indie game soundtrack,-10.576615384615383
jazz venezolano,-10.568863636363636
sertanejo tradicional,-10.5509
freak folk,-10.547209852535067
gothic rock,-10.546132438704268
acoustic rock,-10.54062037037037
tollywood,-10.534723809523813
chicago soul,-10.520631362617364
charango,-10.515
folklore boliviano,-10.515
ambient idm,-10.509999999999998
filmi,-10.507067016410256
folclore tucumano,-10.50475
mexican rock-and-roll,-10.502688931070539
flint hip hop,-10.499909523809524
uk worship,-10.495033333333335
buffalo ny indie,-10.494755294117649
motown,-10.489958324622714
popgaze,-10.483933333333336
nueva ola chilena,-10.48180701754386
manitoba indie,-10.480666666666666
liverpool indie,-10.480357142857144
western americana,-10.476527777777779
cowpunk,-10.475273390370644
deep progressive house,-10.475
folclore jujeno,-10.474
soul,-10.467259726983624
experimental indie,-10.467
brill building pop,-10.459566314090381
taiwan singer-songwriter,-10.454075
rhode island indie,-10.4528
roots rock,-10.444244967176974
lund indie,-10.444
synthpop,-10.435088940913623
carnatic,-10.431862175925923
german country,-10.429
classic uk pop,-10.42862205742677
classic swedish pop,-10.424525490196078
psychedelic blues-rock,-10.42180476190476
southern americana,-10.421
diy emo,-10.418333333333333
ethio-jazz,-10.412939655172416
ryukyu ongaku,-10.409
texas blues,-10.408010516688961
boogie,-10.398066666666667
dark post-punk,-10.397311111111113
cumbia funk,-10.396
military cadence,-10.382153846153848
entehno,-10.382143650793653
gaian doom,-10.374
indonesian pop,-10.371
deathgrind,-10.370416666666666
opm,-10.370412319135829
classic rock,-10.367957872626787
quiet storm,-10.365618590688547
cuban rumba,-10.355154309640524
italian adult pop,-10.346449303779476
electro,-10.338715972240976
souldies,-10.337703390359637
nz singer-songwriter,-10.3232
disco,-10.322185657436144
classic psychedelic rock,-10.315625
german punk,-10.3148
gospel antigas,-10.311
c86,-10.303446428571428
no wave,-10.301879591836736
nouvelle chanson francaise,-10.298894736842106
alternative country,-10.290235627460508
zouk,-10.289222222222225
juju,-10.281999999999998
indie folk,-10.274487440143982
funk,-10.269994924374473
charanga,-10.268854946524062
musica llanera,-10.268227554179568
northern soul,-10.267851353826895
greek clarinet,-10.266497209088524
circus,-10.265
birmingham metal,-10.259405558608057
bedroom pop,-10.258095574793352
post-disco soul,-10.2552
british children's music,-10.254000000000001
deathrock,-10.24956875
chill out,-10.245333333333333
hollywood,-10.24395191414824
german hard rock,-10.238092982456145
deep contemporary country,-10.23053125
mollywood,-10.22988
comedy rock,-10.219570966350302
hi-nrg,-10.213385694246009
native american contemporary,-10.211411111111113
rhythm and blues,-10.210248352300988
danseband,-10.199
papuri,-10.198
classic garage rock,-10.195935718268991
new romantic,-10.195617502740614
arkansas indie,-10.1935
psicodelia brasileira,-10.191988888888886
christian power metal,-10.191461538461539
vintage spanish pop,-10.186535714285714
austropop,-10.1848
fo jing,-10.1696
dc hardcore,-10.167815555555554
sad rap,-10.159941134149712
christian a cappella,-10.158416666666666
gospel singers,-10.153870215311004
washboard,-10.150416666666667
deep disco house,-10.14925
musique concrete,-10.149
turkish experimental,-10.149
sandalwood,-10.14125
chamber psych,-10.135640832133575
roots worship,-10.133955279333957
austrian pop,-10.133333333333333
indie anthem-folk,-10.125949380630633
shoegaze,-10.122569754458723
swedish hard rock,-10.121803774141236
swamp blues,-10.115280092592592
tango cancion,-10.115072390572394
eau claire indie,-10.115063681592039
brazilian reggae,-10.1115
bubblegum pop,-10.11088385941892
deep punk rock,-10.109666666666667
lo-fi,-10.109033923939096
musica popular paraense,-10.1072
vbs,-10.105000000000002
afro house,-10.103833333333332
post-punk,-10.100759739743166
north carolina roots,-10.099615779645195
french indie folk,-10.0795
swedish singer-songwriter,-10.076236111111113
persian traditional,-10.0659
ebm,-10.05773092031425
shibuya-kei,-10.057361100715589
show tunes,-10.05308202470558
uk post-punk,-10.052732270441952
classic colombian pop,-10.050231593455424
dance rock,-10.031398298503913
canadian contemporary r&b,-10.026079926378324
oklahoma country,-10.025387268860497
new wave pop,-10.021141277908242
doo-wop,-10.013784474982062
swedish heavy metal,-10.00825
brazilian indie,-10.005866666666668
italian disco,-10.001025799793604
classic persian pop,-10.00042608695652
merseybeat,-9.998422044733458
sertanejo,-9.990241291810843
children's music,-9.977131193322784
jamgrass,-9.975077669817928
classic canadian rock,-9.973043500124282
tropicalia,-9.971599666748347
lilith,-9.971584201295217
deep ragga,-9.954536363636365
utah indie,-9.945
pei indie,-9.942
minimal wave,-9.939266666666667
blues rock,-9.937208959652757
scottish new wave,-9.934872035573122
new wave,-9.933072588488542
afrobeat,-9.931080518421174
go-go,-9.926833333333336
australian country,-9.926075789473682
polish blues,-9.921
polish rock,-9.921
balearic,-9.9195
nova musica pernambucana,-9.9135
trance mexicano,-9.907
french rock,-9.90176587638696
scottish electronic,-9.898375
pop romantico,-9.895674169541756
freakbeat,-9.89396249353882
chamber folk,-9.892777777777779
rock keyboard,-9.8909890277882
cantopop,-9.889317442839873
nu jazz,-9.889314489623182
christian uplift,-9.887142156862742
album rock,-9.885866901716897
ontario indie,-9.884972222222224
jawaiian,-9.882951756817793
funana,-9.874333333333333
classic iskelma,-9.872800000000002
nashville americana,-9.8723
neo-kraut,-9.871
deep space rock,-9.871
old school hip hop,-9.863060061884577
pinoy praise,-9.86225
salsa venezolana,-9.862102623456792
jazz rap,-9.86070760099871
electronica,-9.85499708280256
zydeco,-9.854825396825397
rock steady,-9.852730921864312
reggae,-9.850163709491747
japanese rockabilly,-9.849
irish rock,-9.842031388525664
deep freestyle,-9.835444444444443
psychedelic folk rock,-9.835316666666666
art pop,-9.834776589336713
turkish trap pop,-9.833857142857145
rock alternativo brasileiro,-9.832000000000004
hard rock brasileiro,-9.832000000000004
jazz colombiano,-9.832
portland hip hop,-9.824802606070236
australian indie folk,-9.823430555555557
calgary indie,-9.82
kompa,-9.82
pagode,-9.819903209876543
cantautor,-9.816465568808454
rock-and-roll,-9.795987564298038
musica jibara,-9.79579012345679
alternative americana,-9.79526736111111
turkish classical,-9.789100685425687
italian contemporary jazz,-9.787
classical accordion,-9.787
dreamgaze,-9.772
swedish indie folk,-9.769148148148147
uk rockabilly,-9.762
ranchera,-9.760754177119377
hip house,-9.75168289010526
scandinavian r&b,-9.750833333333333
argentine hardcore,-9.742
belgian singer-songwriter,-9.738600000000002
rare groove,-9.738242954324587
brazilian boogie,-9.737034965034963
cancion melodica,-9.732962259908007
austin singer-songwriter,-9.7305
deep comedy,-9.7265
arkansas country,-9.724140923208394
black thrash,-9.723722303921571
serbian electronic,-9.722000000000001
neo-traditional bluegrass,-9.7192875
minimal melodic techno,-9.719
tape club,-9.717946969696973
early reggae,-9.717863636363637
memphis americana,-9.714125
anti-folk,-9.709752455580807
chihuahua indie,-9.701666666666666
canadian house,-9.7
pakistani pop,-9.696802564102564
belgian new wave,-9.683
german thrash metal,-9.681888888888887
irish fiddle,-9.6805
dc indie,-9.68
modern blues,-9.675761035465348
smooth soul,-9.673410416666666
rock drums,-9.672198581048578
latvian pop,-9.666666666666666
classic latvian pop,-9.666666666666666
israeli pop,-9.666653571428572
roots reggae,-9.666213479161023
south carolina indie,-9.658502040816328
rock alternatif francais,-9.655
sertanejo universitario,-9.653729019607843
british grindcore,-9.646333333333333
brazilian punk,-9.644
freestyle,-9.64304273193158
philly soul,-9.637061442249596
future garage,-9.632972222222222
milwaukee indie,-9.6305
belly dance,-9.629205043859649
ambient worship,-9.622626388888893
metal guitar,-9.62193137254902
southern gospel,-9.611823529411764
canadian folk,-9.601944444444444
trip hop,-9.601130524372412
deep techno,-9.601
belgian techno,-9.601
lithuanian electronic,-9.598333333333333
shimmer psych,-9.5964
mod revival,-9.595033333333333
new americana,-9.594658432773896
japanese dream pop,-9.594500000000002
ethnotronica,-9.593
pub rock,-9.587685299304182
neo r&b,-9.585630000000002
british invasion,-9.583248607343133
deep house,-9.577552912539874
taiwan pop,-9.575945755408874
sufi,-9.573009416418842
rockabilly,-9.571588417890093
geek rock,-9.567849999999998
anarcho-punk,-9.565661538461539
danish metal,-9.564461896929824
organic house,-9.5630625
arab pop,-9.560584948979592
folktronica,-9.557083333333333
deep new wave,-9.554666666666668
lovers rock,-9.548853071095168
family gospel,-9.5476875
mambo,-9.545076998670051
parody,-9.540027351406485
german heavy metal,-9.537210526315787
wyoming roots,-9.537025316455695
enka,-9.5364
dutch prog,-9.530000000000003
mariachi,-9.52970418109259
jazztronica,-9.523976921470345
indie deutschrap,-9.52
cumbia ranchera,-9.516631578947369
instrumental surf,-9.516543055555557
rockabilly en espanol,-9.51021875
musica tropical guatemalteca,-9.508
puerto rican folk,-9.506982469754364
hungarian pop,-9.505
hungarian rock,-9.505
classic venezuelan pop,-9.503035532394776
experimental pop,-9.495019546539082
classic russian rock,-9.486513888888886
scratch,-9.484111111111106
southern rock,-9.480432684696657
chilean indie,-9.479688888888887
beat italiano,-9.4755
kannada bhava geethe,-9.4660625
greek house,-9.464
organic electronic,-9.464
cumbia peruana,-9.46375
baroque pop,-9.459174811095446
jazz cubano,-9.459019365079367
instrumental stoner rock,-9.45175
jazz chileno,-9.441166666666668
atmospheric sludge,-9.439
atmospheric post-metal,-9.439
pop chileno,-9.439
mongolian pop,-9.4365
mongolian hip hop,-9.4365
bahamian folk,-9.435337037037037
swamp rock,-9.433804165628784
hurdy-gurdy,-9.42745
e6fi,-9.422791167553976
japanese jazz fusion,-9.41890909090909
ska revival,-9.416583216783216
norwegian indie,-9.414946818613483
protopunk,-9.414602718673024
kent indie,-9.4145
jangle pop,-9.412471466885604
underground power pop,-9.404536821149863
swamp pop,-9.400389253663004
swedish soul,-9.394749999999998
german pop,-9.391647055137843
canadian blues,-9.391464285714283
isle of wight indie,-9.39
argentine rock,-9.387355544835394
tolkien metal,-9.38331875
bass music,-9.3825
crust punk,-9.381741025641027
acid house,-9.381199999999998
pinoy rock,-9.376826491516145
lds youth,-9.376104166666668
heartland rock,-9.369794047442584
classic icelandic pop,-9.369
modern big band,-9.365
australian post-hardcore,-9.363
african rock,-9.36175
synth funk,-9.357442282254782
tamil worship,-9.356741071428573
french reggae,-9.3457
atmospheric black metal,-9.345000000000002
ambient black metal,-9.345000000000002
dungeon synth,-9.345000000000002
experimental dub,-9.345
pittsburgh rock,-9.342875
adventista,-9.338766666666668
alaska indie,-9.337
new jack swing,-9.336981166202634
modern funk,-9.33573234543769
american shoegaze,-9.320466666666666
gaita zuliana,-9.307232142857146
indie hip hop,-9.3058
nz reggae,-9.303458333333333
boogaloo,-9.30287821207128
japanese new wave,-9.29935052631579
downtempo,-9.298793214957076
acoustic pop,-9.297247893173367
brazilian soul,-9.294260330578512
jam band,-9.285951860912157
new comedy,-9.282775
power thrash,-9.28175
new orleans funk,-9.279833675166296
chilean rock,-9.27940087719298
irish metal,-9.273333333333337
polynesian pop,-9.266921001838236
canadian country,-9.264774539592512
latin jazz,-9.263068928481957
kids dance party,-9.258949675324674
tipico,-9.25642105263158
scottish indie,-9.246663705011919
russian post-punk,-9.245063492063492
art punk,-9.24317246040222
axe,-9.240092592592593
traditional funk,-9.24
mento,-9.237285200845664
nederpop,-9.23118
chicago house,-9.227945185185183
irish country,-9.224203703703703
french synthpop,-9.221817333333332
miami indie,-9.217
swedish post-hardcore,-9.2105
swedish hardcore,-9.2105
focus trance,-9.201
p funk,-9.184281401830944
turbo folk,-9.180285714285716
8-bit,-9.18
thrash core,-9.176784810961985
pop flamenco,-9.17575
ottawa indie,-9.169
chill lounge,-9.168999999999997
bandolim,-9.162000000000004
afghan pop,-9.152178571428571
electro jazz,-9.137416666666667
boston rock,-9.137125380520402
pop violin,-9.13448888888889
classic norwegian pop,-9.1305
nashville singer-songwriter,-9.126052272727273
chunchaca,-9.118275
derby indie,-9.118
nisiotika,-9.110701388888888
athens indie,-9.104683445479642
chinese indie rock,-9.103
mandopop,-9.101510419499654
supergroup,-9.101446212442212
oc rap,-9.099666666666668
dutch rock,-9.0958
celtic rock,-9.094755369880476
electronic djent,-9.0915
mississippi indie,-9.090666666666666
psychill,-9.0906
afrofuturism,-9.079584287901103
instrumental rock,-9.075645604261775
folklore venezolano,-9.073333333333332
smooth saxophone,-9.068678118137262
skiffle,-9.0655
ny roots,-9.06525
chanson paillarde,-9.0652
vintage french electronic,-9.055897050318103
diva house,-9.051981360258514
proto-techno,-9.050650352733683
iowa hip hop,-9.048
folk-pop,-9.047518481335523
cumbia santafesina,-9.046
bubblegrunge,-9.041752948983383
forro tradicional,-9.041475
atmospheric dnb,-9.033999999999999
old school dancehall,-9.033193279780562
noise rock,-9.022218814192344
maine indie,-9.019083333333334
icelandic rock,-9.018263157894737
baton rouge indie,-9.017000000000001
pittsburgh indie,-9.016214285714282
salsa cubana,-9.011000000000001
dark minimal techno,-9.0078
reading indie,-8.997796875
springfield mo indie,-8.997
gbvfi,-8.996198148483321
merengue,-8.990609991866966
street band,-8.989888888888887
spanish new wave,-8.985304901960783
desi pop,-8.978710297347114
neo-traditional country,-8.9684
cajun,-8.96572619047619
canadian indie,-8.964386263471756
comic,-8.962224930956452
deep classic garage rock,-8.962
big beat,-8.956195640100765
progressive jazz fusion,-8.949229292929292
german rock,-8.947110818713451
strut,-8.945125
trival,-8.943874999999998
gospel soul,-8.943746710526314
german pop rock,-8.942400000000003
manguebeat,-8.939013333333332
pop peruano,-8.935666666666666
classic girl group,-8.934626313883449
popwave,-8.9323
sevdah,-8.928166666666666
chinese indie,-8.927297435897431
praise,-8.927162197802202
cambridgeshire indie,-8.927
rock urbano mexicano,-8.914944951923081
timba,-8.91325
kayokyoku,-8.912420634920633
afro-funk,-8.909833333333333
australian alternative pop,-8.90901739130435
ska,-8.893544904420533
chinese r&b,-8.893416666666667
stomp and holler,-8.892331818592293
latinx alternative,-8.890083333333333
roots americana,-8.885915311653111
dutch blues,-8.882
australian singer-songwriter,-8.880666666666666
garage house,-8.875945454545455
new york death metal,-8.869
chutney,-8.866174235307465
indiecoustica,-8.861040114368619
russian shoegaze,-8.844
old west,-8.841333333333333
rock nacional brasileiro,-8.840914285714286
hard rock,-8.840136995690816
deathrash,-8.837375362318841
cuatro venezolano,-8.832309523809524
classic belgian pop,-8.832166666666666
brutal deathcore,-8.823300000000003
wonky,-8.821840659340658
etherpop,-8.805315256123658
permanent wave,-8.804559939717253
goregrind,-8.803999999999998
ann arbor indie,-8.802236923076924
alternative pop,-8.791657368369068
salsa peruana,-8.783595516569202
orlando indie,-8.781571428571429
modern folk rock,-8.781113311728394
contemporary gospel,-8.777409167869171
psychedelic hip hop,-8.777287231590448
italo dance,-8.776311111111113
grupera,-8.775511392285372
power pop,-8.7652456879739
alabama indie,-8.763204545454546
pop nacional antigas,-8.75675
glam rock,-8.753233764365765
rif,-8.749555555555556
double drumming,-8.747807529367009
forro,-8.747633333333333
neo-singer-songwriter,-8.741273148148148
pagan black metal,-8.740352941176473
autonomous black metal,-8.740352941176473
portland indie,-8.73215648148148
sheffield indie,-8.728641898148148
arabesk,-8.7186
vaudeville,-8.7165
samba-enredo,-8.708
glitch pop,-8.7038
palm desert scene,-8.703601055806937
indie singer-songwriter,-8.70075
progressive trance house,-8.700446428571428
cartoon,-8.697999206020219
dream trance,-8.693342857142857
vermont indie,-8.68775
shred,-8.686199686274511
women's choir,-8.675
indie cafe pop,-8.67294466131286
gothic americana,-8.67
ohio indie,-8.667727272727271
paisley underground,-8.665899999999999
russian punk,-8.6495
kiwi rock,-8.64523356374808
psychedelic pop,-8.64451468071099
australian reggae fusion,-8.641810000000001
electro-industrial,-8.631655647382921
stomp and whittle,-8.63
latintronica,-8.629
indian edm,-8.626333333333333
canadian celtic,-8.623666153846152
glitch,-8.618365735767991
irish pop,-8.617595
dubsteppe,-8.617
eugene indie,-8.612
popping,-8.611618079501916
madchester,-8.609306879116314
world worship,-8.608159445819227
indie dream pop,-8.6065
grunge,-8.605394407683885
halifax indie,-8.595
modern bollywood,-8.594670976901613
indonesian r&b,-8.588666666666667
country,-8.585564386269311
british death metal,-8.581616666666665
fluxwork,-8.58
gospel,-8.57826289430549
islamic recitation,-8.57725
quran,-8.57725
egyptian pop,-8.576
psychedelic doom,-8.5719375
soviet synthpop,-8.571
glam metal,-8.568864823183269
kentucky roots,-8.567880746283253
bergen indie,-8.562907407407408
worship,-8.560467128121727
olympia wa indie,-8.557461904761906
old school uk hip hop,-8.5429
pinoy r&b,-8.542
uk doom metal,-8.54168452380952
gothabilly,-8.535735449735446
pittsburgh rap,-8.535313392857143
bboy,-8.529007326007324
latin house,-8.519541666666667
south african pop,-8.518857142857144
indie soul,-8.516216387280876
tampa indie,-8.51237878787879
french indietronica,-8.509416666666667
beatlesque,-8.506916781636452
tulsa indie,-8.494
deep new americana,-8.491800210458905
cypriot pop,-8.491555555555559
folclore extremeno,-8.4908
uzbek pop,-8.478
tajik pop,-8.478
garage psych,-8.471658165299614
salsa puertorriquena,-8.46443993095752
florida rap,-8.464154573131548
anime score,-8.463057128094626
doom metal,-8.459930121527778
mariachi cristiano,-8.451264049330138
harlem hip hop,-8.448499769167835
australian rock,-8.4397481670784
brazilian rock,-8.430858333333331
narodna muzika,-8.430433333333333
new jersey rap,-8.429413986534675
slovenian metal,-8.427999999999999
progressive deathcore,-8.427999999999999
albuquerque indie,-8.425898148148146
singaporean pop,-8.42158376068376
queer country,-8.42103670501758
dirty texas rap,-8.416597552910051
norsk lovsang,-8.414166666666668
belgian rock,-8.407
albanian pop,-8.405
urban contemporary,-8.400835139292928
electro-pop francais,-8.393500000000001
northern irish punk,-8.388749999999998
crossover thrash,-8.386302762762764
collage pop,-8.3854375
southern soul blues,-8.38151388888889
st louis rap,-8.376513565891472
brazilian percussion,-8.372400000000003
ecuadorian pop,-8.369892857142858
hard minimal techno,-8.369615384615383
emo rap,-8.357416439397467
japanese city pop,-8.353782335004178
chicha,-8.349755107072411
russian trance,-8.349
neo mellow,-8.346804279437446
latin tech house,-8.342999999999998
viral rap,-8.331343107546044
east coast hip hop,-8.31947076336887
blues latinoamericano,-8.318
industrial rock,-8.308256358857989
alternative rock,-8.305646269880699
indie r&b,-8.294945376984126
gruperas inmortales,-8.284320602067456
pony,-8.280174999999998
seattle indie,-8.272899632741986
musique peule,-8.271
belgian indie,-8.269
sufi chant,-8.267428571428573
ilahiler,-8.267428571428573
japanese heavy metal,-8.264333333333331
final fantasy,-8.262588235294118
malaysian mandopop,-8.257875
chill r&b,-8.257675615763546
tribal house,-8.252832967032967
noise pop,-8.249236838838668
canadian modern jazz,-8.2465
minneapolis indie,-8.246335097001765
australian r&b,-8.246
capoeira,-8.244
swedish underground rap,-8.243
noise punk,-8.242583333333334
funk rock,-8.238987704500483
grave wave,-8.233573484848485
san diego rap,-8.230711666666666
nu-cumbia,-8.210560829268754
latin christian,-8.205603776255911
uk pop punk,-8.20365
neo soul,-8.202191825378236
trad jazz catala,-8.201791666666667
swedish americana,-8.193645833333333
spanish noise pop,-8.192
spanish modern rock,-8.192
spanish rock,-8.19029484800283
rock en espanol,-8.188660492214137
montreal indie,-8.181902777777777
rock,-8.177538908992718
hardcore techno,-8.174840460264374
retro soul,-8.172986666666667
jovem guarda,-8.171718518518517
japanese garage rock,-8.17
turntablism,-8.16951406367669
brega,-8.166
east coast reggae,-8.156340277777778
vapor soul,-8.155707619468933
merengue tipico,-8.154661324786325
phonk,-8.153143650793654
spanish pop,-8.139996754286463
wu fam,-8.139548611111113
swedish black metal,-8.135705882352942
viking black metal,-8.135705882352942
fado,-8.131209090909092
quebec indie,-8.129597826086956
spanish metal,-8.125789682539681
psychedelic trance,-8.121416666666667
dark techno,-8.1204
bedroom soul,-8.116731493506494
trap dominicano,-8.113952380952384
indie pop,-8.104867595397216
hardcore punk,-8.103424991989089
trap soul,-8.099485677308023
nu gaze,-8.097098151652581
samba-rock,-8.095731428571428
mexican indie,-8.094631746031746
glam punk,-8.094017275022956
classic j-rock,-8.090116071428572
salsa,-8.087019817725878
queercore,-8.084258333333334
cyberpunk,-8.080993036684783
lo star,-8.07825
alternative r&b,-8.077162285469463
latin afrobeat,-8.0754
indian folk,-8.075
swedish synthpop,-8.07206186868687
latin worship,-8.070721854069761
indie garage rock,-8.06854809153482
reggae rock,-8.067810253240536
tejano,-8.066050863969021
scottish rock,-8.059751325757576
trinidadian reggae,-8.0495
latin rock,-8.044947629832388
musica popular colombiana,-8.044187407146769
meme rap,-8.041638596632348
footwork,-8.041
wave,-8.04
deep ccm,-8.03791864998873
chill pop,-8.02825
eurodance,-8.01977435401286
transpop,-8.015927072927072
spanish synthpop,-8.015
kentucky hip hop,-8.011282416044775
acoustic punk,-8.010774104683195
adoracion,-8.010071428571429
texas country,-8.004824813126083
black punk,-8.00378148148148
piano rock,-7.997518527523052
britpop,-7.9942384643450675
progressive psytrance,-7.992523809523807
vapor pop,-7.9914266666666665
british soul,-7.991269755377785
brutal death metal,-7.991066865079365
vapor trap,-7.99035518361659
sovietwave,-7.988000000000001
sefardi,-7.987999999999999
belarusian indie,-7.987999999999999
thrash metal,-7.987082152621032
pinoy hip hop,-7.9869166666666676
technical thrash,-7.9841357142857134
san marcos tx indie,-7.983178260869565
mainland chinese pop,-7.98025
russian pop,-7.980072727272727
argentine punk,-7.974833333333333
oakland indie,-7.974038888888887
guam indie,-7.965
north carolina indie,-7.962317647058822
neo classical metal,-7.958238893311709
gospel r&b,-7.958054204884091
classic afrobeat,-7.952714285714285
new jersey indie,-7.940318546365916
nwobhm,-7.93931014173998
death 'n' roll,-7.938125
christian music,-7.9354948638786125
sleaze rock,-7.9309332779623425
latin alternative,-7.930732010058532
salsa international,-7.925727685463908
omaha indie,-7.924574074074074
gothenburg indie,-7.9233819444444435
medieval rock,-7.922142857142857
chill beats,-7.921333333333334
abstract beats,-7.918000000000001
georgian folk,-7.912000000000001
modern alternative pop,-7.911833333333332
melodic hard rock,-7.909574074074078
mexican traditional,-7.909461538461536
ska chileno,-7.903999999999999
chilean hardcore,-7.903999999999999
dark clubbing,-7.901833333333332
venezuelan rock,-7.897916666666664
mexican son,-7.891
indie rock,-7.882596786699978
chicano rap,-7.869796348612965
gypsy punk,-7.869625
southampton indie,-7.8676666666666675
gujarati pop,-7.867000000000001
sacramento hip hop,-7.866827692307693
argentine reggae,-7.8637407407407425
brisbane indie,-7.8635
folclor colombiano,-7.851608695652174
musica andina colombiana,-7.851608695652174
oc indie,-7.846085714285714
italian indie pop,-7.844000000000001
puerto rican pop,-7.8428673823070385
new beat,-7.841333333333334
deep acoustic pop,-7.841
dutch pop,-7.837769696969698
pop quebecois,-7.836999999999999
comedy rap,-7.832769782913165
hardcore hip hop,-7.8309196892566115
jacksonville indie,-7.8279999999999985
christian indie,-7.825165931466025
sludge metal,-7.8173416666666675
balkan brass,-7.815749999999999
italian techno,-7.815
chopped and screwed,-7.811748878490789
berlin minimal techno,-7.811
early us punk,-7.803624421948356
latin pop,-7.803238265841876
veracruz indie,-7.801142857142858
nz pop,-7.800930238053048
triangle indie,-7.799749999999999
asheville indie,-7.7923333333333344
washington indie,-7.782469636363636
cuban alternative,-7.775500000000001
thai idol,-7.775
k-indie,-7.774633333333332
vapor twitch,-7.7735042154999485
dominican pop,-7.773125237581831
charlotte nc indie,-7.770000000000001
progressive alternative,-7.768
livetronica,-7.757467338217339
south african pop dance,-7.7570000000000014
midwest emo,-7.755866013071892
modern reggae,-7.751943002926044
tech house,-7.7516000000000025
pop reggaeton,-7.751355514855514
chicago indie,-7.748312242332831
soul flow,-7.746712121212121
cali rap,-7.7438758944585455
sound team,-7.743749999999999
bronx hip hop,-7.7428896590909115
pinoy indie,-7.738166666666667
south african alternative,-7.736458333333332
beatboxing,-7.732666666666669
chinese hip hop,-7.731
romanian electronic,-7.73
chicago hardcore,-7.728962962962963
vegan straight edge,-7.728875
peruvian rock,-7.726545454545453
japanese folk,-7.721083333333333
bleep techno,-7.720377192982457
south african house,-7.7189999999999985
channel pop,-7.712889462809918
uk82,-7.71157109375
macedonian folk,-7.709375
ok indie,-7.706
vallenato,-7.702244322800963
latin metal,-7.6977105676328526
oxford indie,-7.694030555555559
swiss black metal,-7.6934999999999985
kc indie,-7.6917
deep euro house,-7.688966666666666
norwegian singer-songwriter,-7.6849333333333325
europop,-7.68362193938432
oakland hip hop,-7.68083090483755
kingston on indie,-7.680152777777778
r&b,-7.6798413474918625
marathi pop,-7.6629999999999985
makossa,-7.654875
pop electronico,-7.649883333333332
political hip hop,-7.647953324002031
spanish pop rock,-7.647220677295762
chilena,-7.6447109890109886
dmv rap,-7.643292632435057
stoner rock,-7.640396485247126
duluth indie,-7.638277777777778
rock baiano,-7.6259000000000015
indian indie,-7.623644444444445
ska argentino,-7.623293812774636
russian ccm,-7.622280000000001
conscious hip hop,-7.620762689097173
cumbia salvadorena,-7.615314814814815
death metal,-7.614469877012072
neotango,-7.612000000000001
scottish singer-songwriter,-7.609022222222222
west coast rap,-7.608523214563048
michigan indie,-7.602666666666665
atlanta indie,-7.60262
straight edge,-7.602514511784513
nepali pop,-7.602
nepali indie,-7.602
uk alternative pop,-7.595571645021645
australian alternative rock,-7.595144791666668
mexican rock,-7.590889412341887
korean pop,-7.590566998892582
israeli hip hop,-7.585
folclor afrocolombiano,-7.582595238095237
belgian pop,-7.582444444444445
son jarocho,-7.582000000000002
electrofox,-7.5760000000000005
hip hop,-7.574801263734236
vocal house,-7.561843592874363
hamburg electronic,-7.561
corridos tumbados,-7.559996959070707
nyhc,-7.557282861952863
portland punk,-7.556562626262625
bay area indie,-7.555754629629629
military rap,-7.544705555555558
nz folk,-7.5443333333333324
minneapolis metal,-7.539333333333331
experimental folk,-7.5379999999999985
banda caliente,-7.534893601190474
free folk,-7.532
hindi indie,-7.531666666666667
nova canco,-7.531142857142855
rock andaluz,-7.531083333333334
reggae fusion,-7.528209190658503
japanese psychedelic,-7.522875
alternative hip hop,-7.516890543495352
puerto rican rock,-7.516825396825397
folklore veracruzano,-7.5165000000000015
nyc pop,-7.513908080808082
breakbeat,-7.508354843840369
indie punk,-7.508236657681942
australian electropop,-7.507762607164077
lgbtq+ hip hop,-7.506130926208067
country dawn,-7.505113667665138
anthem worship,-7.504177604929937
musique pour enfant quebecois,-7.504
alte,-7.502999999999999
pop r&b,-7.501052038415935
colombian rock,-7.49858
deep gothic post-punk,-7.497000000000001
essex indie,-7.497000000000001
chillwave,-7.491745526249851
electro swing,-7.491025793650793
japanese piano,-7.490666666666666
minimal tech house,-7.486716666666666
modern old-time,-7.485384615384616
pirate,-7.479125
neo-rockabilly,-7.4775874999999985
gujarati garba,-7.477
italo house,-7.473846153846152
boston punk,-7.473324154589371
queens hip hop,-7.471553361004244
new england emo,-7.470999999999999
dfw rap,-7.4709806287793885
punjabi pop,-7.469428571428572
old school thrash,-7.4647615622591905
punk,-7.462051773352777
bubble trance,-7.460599999999999
spanish invasion,-7.458833333333334
boy band,-7.454027850998073
deep pop edm,-7.448642857142858
latin arena pop,-7.4480413121002185
german metal,-7.447866250718789
african reggae,-7.446874999999999
modern salsa,-7.440757648088478
reggae en espanol,-7.439114720247072
north carolina emo,-7.437599999999999
canadian pop,-7.435748615580652
indy indie,-7.43475
tagalog rap,-7.432833333333335
pinoy trap,-7.432833333333334
outer hip hop,-7.4289999999999985
singaporean mandopop,-7.421941239316242
gauze pop,-7.420343534482758
new wave of thrash metal,-7.41975
ccm,-7.414536754234152
metal,-7.414029308537037
partido alto,-7.413166666666665
texas punk,-7.412000000000001
classic french pop,-7.41
israeli techno,-7.409
pop rock,-7.405357343995197
malmo indie,-7.402
experimental hip hop,-7.397452050264549
modern hard rock,-7.396834666666665
barbadian pop,-7.385724014336917
traditional ska,-7.378000000000001
cinematic post-rock,-7.371833333333332
electra,-7.371483333333333
mexican pop,-7.370806929405676
ukrainian electronic,-7.3679999999999986
chicago rap,-7.361960626963109
polynesian hip hop,-7.361333333333333
tempe indie,-7.359692857142859
ambeat,-7.358032967032968
underground hip hop,-7.3575809943122445
tex-mex,-7.357540106951872
tecnobanda,-7.3555087508197925
melodic rap,-7.3545440864411225
rap,-7.354165479121113
abstract hip hop,-7.349327823691461
swedish indie pop,-7.3486941176470575
austindie,-7.344634615384615
musikkorps,-7.3400000000000025
nueva ola peruana,-7.337999999999999
british black metal,-7.329049999999998
francoton,-7.3290351851851865
spanish techno,-7.325000000000001
canadian contemporary country,-7.319061873638345
miami hip hop,-7.315148296147455
bmore,-7.311137593984963
musica costena,-7.310103888888887
thai indie rock,-7.31
manchester hip hop,-7.308333333333334
phoenix indie,-7.3078
stoner metal,-7.307091767791033
baltimore indie,-7.3019226851851835
traditional soul,-7.298201388888887
west coast reggae,-7.288188571428571
synthwave,-7.281260869565216
instrumental math rock,-7.2810000000000015
neo-psychedelic,-7.279730918939621
uk dancehall,-7.2794
jazz boom bap,-7.2787307692307675
deep funk,-7.277666666666666
g funk,-7.274808336330178
alternative roots rock,-7.2721710526315775
purple sound,-7.267
scottish hip hop,-7.267
svensk progg,-7.2639999999999985
swedish prog,-7.2639999999999985
australian hip hop,-7.261687672176309
gangster rap,-7.257544216033336
argentine heavy metal,-7.255749999999999
deep east coast hip hop,-7.250275
indiana hip hop,-7.2497083333333325
witch house,-7.248688888888887
san diego indie,-7.244481481481483
hawaiian indie,-7.244
musica cristiana guatemalteca,-7.243111111111108
vancouver punk,-7.242222222222224
norwegian black metal,-7.241666666666665
uk alternative hip hop,-7.2409835164835155
us power metal,-7.2318820880765315
future funk,-7.230973214285713
bachata dominicana,-7.226152927176662
shiver pop,-7.21851724137931
indonesian hip hop,-7.210272727272729
post-hardcore,-7.209063013993584
deep groove house,-7.208159243697477
pop soul,-7.199839705215418
college a cappella,-7.1960000000000015
london rap,-7.19125
hyperpop,-7.191241964285713
cumbia sonidera,-7.189162169270428
viral pop,-7.187741040945728
irish hip hop,-7.181899999999999
folk punk,-7.181746308278866
korean r&b,-7.180665669515669
drill,-7.174458315018318
british alternative rock,-7.169515151515154
la indie,-7.160549401379304
nu skool breaks,-7.158666666666666
vocal trance,-7.157750000000003
el paso indie,-7.155010582010582
denton tx indie,-7.150666666666666
rave,-7.149813863060016
tropical,-7.1459079622405985
kentucky punk,-7.144333333333333
oi,-7.142556901041666
technical death metal,-7.137456666666666
idol,-7.137228571428572
new french touch,-7.135101388888889
black metal,-7.134213413547237
boom bap brasileiro,-7.1339999999999995
rap nacional antigo,-7.1339999999999995
singaporean singer-songwriter,-7.132148148148147
russian alternative rock,-7.131833333333333
venezuelan indie,-7.129
boom bap,-7.1289743265993275
german techno,-7.125781269841268
austin americana,-7.121666666666666
eastern bloc groove,-7.121
west coast trap,-7.120656651380862
idaho indie,-7.1188249999999975
street punk,-7.1164000000000005
canadian hardcore,-7.114111111111113
modern dream pop,-7.113540935672513
naija worship,-7.110416666666668
hyphy,-7.104664311078111
australian indie rock,-7.104
channel islands indie,-7.1035
glitch hop,-7.101971409292465
baltimore hip hop,-7.1
atl trap,-7.099126384583789
partyschlager,-7.097666666666666
detroit trap,-7.097005050505049
d-beat,-7.089200000000001
canadian hip hop,-7.088189563965338
horrorcore,-7.088070512820513
rock cristiano,-7.0859711174242435
uk dnb,-7.084409523809523
desi hip hop,-7.083785714285716
canadian rock,-7.0803083654721926
funk metal,-7.075632031849164
hands up,-7.075500000000001
cumbia lagunera,-7.075308928571428
atlanta punk,-7.0745
deep talent show,-7.0735459207459215
swedish progressive metal,-7.071666666666667
classic punjabi pop,-7.070999999999999
steampunk,-7.070783625730994
ottawa rap,-7.064590522875817
hardcore,-7.057162979797982
brazilian ska,-7.0470000000000015
slam poetry,-7.044920000000001
marimba orquesta,-7.044
christian alternative rock,-7.0437395564495855
nu disco,-7.043541666666669
orebro indie,-7.04
australian pop,-7.039690318039724
german oi,-7.038750000000002
alternative emo,-7.037806588799043
native american hip hop,-7.0329999999999995
chicago pop punk,-7.0315
celtic punk,-7.0280444180450665
panamanian pop,-7.021206422887459
afroswing,-7.0166875
speed metal,-7.011406884631255
rap cristiano,-6.999089743589742
hungarian edm,-6.9979999999999976
hungarian techno,-6.9979999999999976
progressive metal,-6.995697457756668
christian hardcore,-6.994999999999999
deep southern soul,-6.990499999999999
hawaiian hip hop,-6.989175925925924
virginia hip hop,-6.9829831089592185
cuarteto,-6.981
pop,-6.977412638822683
modern southern rock,-6.965736868686869
punk blues,-6.964167965431424
swedish pop,-6.9592280539692055
swedish rock-and-roll,-6.9579999999999975
danspunk,-6.9570000000000025
buffalo hip hop,-6.9570000000000025
scandipop,-6.955799426450741
hip pop,-6.947848610435138
rock kapak,-6.945
urbano espanol,-6.93925
escape room,-6.93833341944954
progressive sludge,-6.937666666666666
devon indie,-6.936
latin,-6.935224953764813
electronica argentina,-6.934333333333334
experimental house,-6.934
slow game,-6.932777777777778
boston indie,-6.931766666666666
kawaii future bass,-6.931193310657598
salsa colombiana,-6.930262078282827
technical deathcore,-6.9293999999999984
new york drill,-6.926755681818182
denpa-kei,-6.9201250000000005
louvor,-6.9194999999999975
banda carnavalera,-6.918557291666665
viking metal,-6.911496813725487
denver indie,-6.910277777777778
cumbia andina mexicana,-6.90188
trance,-6.901479087713518
dutch trance,-6.890666666666665
liquid funk,-6.887316666666668
plunderphonics,-6.8855
louisville indie,-6.884266666666666
country road,-6.881845711283293
metropopolis,-6.880694392597069
brooklyn indie,-6.87925449055775
deep minimal techno,-6.878166666666666
finnish hard rock,-6.875222222222222
social media pop,-6.8745440300355645
modern blues rock,-6.86518919407312
zeuhl,-6.8645
emo punk,-6.86287037037037
soca,-6.860876860119048
nordic post-rock,-6.858
rap conciencia,-6.8487552631578925
virgin islands reggae,-6.8427500000000006
rochester mn indie,-6.836999999999999
boston hip hop,-6.836267171717173
deep underground hip hop,-6.8362204656862735
german trance,-6.833166666666667
houston rap,-6.8323717929081615
swancore,-6.8309250000000015
dark trap,-6.830484599167237
cumbia,-6.830386545951503
indietronica,-6.828188808870428
canadian metal,-6.827619056021407
champeta,-6.826803921568628
ska mexicano,-6.823445390102942
lafayette indie,-6.817
bouncy house,-6.811166666666668
musica afroperuana,-6.81
dayton indie,-6.809314814814812
cambodian rock,-6.803285714285715
future bass,-6.799694780219783
christian metal,-6.7904985565716345
disco house,-6.787678576037253
electronic rock,-6.784233280042143
south african hip hop,-6.7819166666666675
uplifting trance,-6.780034979423868
trap queen,-6.779521377469988
australian talent show,-6.7765
asian american hip hop,-6.776066666666666
acid trance,-6.775
norteno,-6.774895299217932
j-division,-6.774
red dirt,-6.7733780092592575
florida death metal,-6.773341666666667
dark cabaret,-6.772055555555558
glitchcore,-6.768564814814815
spanish folk metal,-6.7672857142857135
cornwall indie,-6.763999999999999
canadian rockabilly,-6.7625
christian trap,-6.761641666666666
swedish country,-6.751875
norwegian pop,-6.749457575757575
zhongguo feng,-6.746653465346532
aussietronica,-6.74313076923077
louisiana metal,-6.740166666666666
rap dominicano,-6.738448979591838
philly rap,-6.7379813451550365
underground rap,-6.735012248995982
swedish tropical house,-6.733
african percussion,-6.729636363636363
nashville indie,-6.729604166666667
philly indie,-6.725021335708194
deep full on,-6.7246
dancehall,-6.722216167410027
turkish trap,-6.722
antiviral pop,-6.718926989676992
la pop,-6.717632051282051
one-person band,-6.712541666666668
australian indie,-6.712343954248363
western mass indie,-6.711333333333332
atl hip hop,-6.704093316676606
boston hardcore,-6.70102380952381
deep norteno,-6.697196296296296
progressive trance,-6.696373000000001
latin hip hop,-6.694462994715222
stl indie,-6.691166666666668
future rock,-6.688142857142856
italian modern prog,-6.684
french hip hop,-6.683
old school rap francais,-6.683
bachata,-6.679586300709798
danish electronic,-6.678388888888889
alabama rap,-6.678095261369454
cumbia ecuatoriana,-6.677028846153848
joropo,-6.6770000000000005
electroclash,-6.6750075757575775
azontobeats,-6.674428571428572
vallenato moderno,-6.6649166666666675
japanese r&b,-6.6626666666666665
j-reggae,-6.6626666666666665
psychedelic punk,-6.6583999999999985
uk contemporary r&b,-6.6570792335115865
latin viral pop,-6.65182004830918
progressive house,-6.649496304298331
malaysian pop,-6.647625
surf punk,-6.642760000000001
alternative dance,-6.637478840309943
south carolina hip hop,-6.635587786259541
french psychedelic,-6.6320000000000014
north carolina metal,-6.6298749999999975
tamborazo,-6.627875
basshall,-6.627833333333332
christian pop,-6.620651454876822
psybass,-6.62
bubblegum dance,-6.617834371184371
fort worth indie,-6.611999999999999
uk noise rock,-6.61
toronto rap,-6.609946510733253
slamming deathcore,-6.608148148148147
digital hardcore,-6.602382352941175
tucson indie,-6.594666666666665
rap underground mexicano,-6.592252100840338
new rave,-6.591517544320909
canadian electropop,-6.590966534391535
gqom,-6.589
auckland indie,-6.588750000000001
dark disco,-6.583750000000001
belgian dance,-6.5805000000000025
alberta country,-6.57517619047619
swedish death metal,-6.5751110795454535
uk hip hop,-6.573936996336997
belgian edm,-6.5733125
trap,-6.562271106024446
vaporwave,-6.557496031746032
indie electropop,-6.557286607142857
chicano punk,-6.553074074074073
dallas indie,-6.5505
swedish power metal,-6.5491957671957675
regional mexican,-6.547922381217916
knoxville indie,-6.547499999999999
girl group,-6.546728055611509
khmer,-6.5443333333333324
nwothm,-6.5343333333333335
shimmer pop,-6.52504874813296
full on,-6.516800000000001
psychobilly,-6.516635802469136
nigerian hip hop,-6.515173737373737
deep tropical house,-6.5130444444444455
dirty south rap,-6.512392648024727
country rap,-6.512374331157362
horror punk,-6.511978611869055
rochester ny indie,-6.5096250000000015
perreo,-6.507106784021813
mississippi hip hop,-6.505814102564102
southern hip hop,-6.503650133081617
guinean pop,-6.503499999999999
sierreno,-6.501559671652753
north carolina hip hop,-6.4977136689835024
hopebeat,-6.4971354563301835
modern rock,-6.495868613826024
japanese girl punk,-6.4910000000000005
finnish edm,-6.486899999999999
nerdcore,-6.4855
funk carioca,-6.482361111111113
chicago drill,-6.476008285714286
finnish power metal,-6.469045454545455
japanese pop punk,-6.4486250000000025
ohio hip hop,-6.448360656238751
edmonton indie,-6.4476434782608685
pop rap,-6.4434589680153795
redneck,-6.438359281991148
rap latina,-6.434425488595141
yugoslav new wave,-6.4335
nyc rap,-6.4331193248478575
garage punk blues,-6.4325
otacore,-6.432067740967003
neo-synthpop,-6.429804730392157
alberta hip hop,-6.428999999999999
pop argentino,-6.4269541666666665
rap conscient,-6.4267499999999975
deathgrass,-6.416166666666666
uk pop,-6.409724619309918
charlottesville indie,-6.4096
aggrotech,-6.408000000000001
nightrun,-6.407120000000001
indie surf,-6.4027766373411525
house,-6.39820663027591
punk rock mexicano,-6.394399999999999
emo mexicano,-6.394399999999999
j-pop girl group,-6.392166666666665
dance pop,-6.391757410800049
colombian pop,-6.39156051340812
gainesville indie,-6.3867499999999975
djent,-6.384797916666668
german house,-6.383666666666668
k-rap,-6.381678518518517
afro soul,-6.381
emocore,-6.376666666666666
corrido,-6.376205829674245
dance-punk,-6.37534689242761
nordic house,-6.3694000000000015
tennessee hip hop,-6.3690094167272635
australian dance,-6.3542339645352985
punk 'n' roll,-6.350138222222222
grand rapids indie,-6.345499999999999
chicago punk,-6.3444612332112325
australian trap,-6.343333333333334
contemporary country,-6.342750112737229
birmingham grime,-6.338833333333333
porro,-6.337066666666668
sacramento indie,-6.336408159722222
quebec death metal,-6.336
techno kayo,-6.334363909774437
indie shoegaze,-6.3320000000000025
industrial hardcore,-6.331
speedcore,-6.331
electropop,-6.327364178534986
bay area hip hop,-6.32295
vintage rockabilly,-6.313999999999999
comic metal,-6.305347188995216
swing revival,-6.301433333333334
modern power pop,-6.30122448039822
chillstep,-6.2931776556776535
british indie rock,-6.288784090909092
power metal,-6.284865703989742
welsh indie,-6.2831
progressive post-hardcore,-6.280060675883258
glee club,-6.279792000000002
destroy techno,-6.278833333333334
r&b en espanol,-6.277501984126985
rap kreyol,-6.2769318181818194
gothic symphonic metal,-6.275737373737375
coco,-6.2752000000000026
columbus ohio indie,-6.2735
psalmen,-6.273
christelijk,-6.273
yugoslav rock,-6.268444444444445
bitpop,-6.267882352941176
vegas indie,-6.266762962962963
funky tech house,-6.266249999999999
riot grrrl,-6.263944795918367
brazilian thrash metal,-6.263043478260869
brazilian metal,-6.263043478260869
brazilian groove metal,-6.263043478260869
metal mineiro,-6.263043478260869
dreamo,-6.2622077988338205
drum and bass,-6.24985119047619
uk dub,-6.2405
reggaeton flow,-6.239791039828205
middle eastern traditional,-6.233833333333332
khaleeji iraqi,-6.233833333333332
riddim,-6.233240896358542
swiss metal,-6.23
industrial metal,-6.219183538577597
retro metal,-6.2105000000000015
argentine metal,-6.2079999999999975
croatian pop,-6.202041666666667
croatian rock,-6.202041666666667
memphis hip hop,-6.196835401706339
electropowerpop,-6.1903104921394405
deep regional mexican,-6.187621116381817
nuevo regional mexicano,-6.187333218730168
filter house,-6.175728022875817
indie poptimism,-6.1672671025986086
garage rock,-6.1614373818853565
cumbia colombiana regia,-6.156530357142858
chaotic hardcore,-6.156083333333334
rock pernambucano,-6.1560000000000015
swiss pop,-6.149166666666666
reggaeton,-6.148234262023838
salsa choke,-6.147636261261263
buffalo ny metal,-6.142847222222224
israeli mediterranean,-6.138999999999999
swedish dancehall,-6.135999999999999
speed garage,-6.135349206349207
canadian post-hardcore,-6.134169565217391
worcester ma indie,-6.1323333333333325
colombian hip hop,-6.1135
banda,-6.111787584209566
swedish electropop,-6.107135425762747
crunk,-6.1046276337391845
minnesota hip hop,-6.095778890669515
power-pop punk,-6.0944722222222225
uk dance,-6.094336557695178
progressive uplifting trance,-6.0920555555555564
danish rock,-6.089184210526316
baton rouge rap,-6.0852785841581465
welsh rock,-6.08480303030303
funk das antigas,-6.0729999999999995
nigerian pop,-6.068546085858585
country pop,-6.054353965105437
socal pop punk,-6.047097583026238
japanese singer-songwriter,-6.045142592592592
modern country rock,-6.042737226393705
wrestling,-6.0423537576423785
nightcore,-6.042000000000002
melodic hardcore,-6.0407103274701495
modern alternative rock,-6.035092319269888
canadian latin,-6.034032258064518
canadian electronic,-6.0307542735042725
anthem emo,-6.018700307219661
garage rock revival,-6.016666588966587
funk mexicano,-6.007666666666666
ska punk,-6.004958719072808
neo-trad metal,-6.0014047619047615
folklore peruano,-5.9979999999999976
bass house,-5.997553104575164
kentucky metal,-5.997000000000001
emo,-5.989002694927088
animal singing,-5.9875
fidget house,-5.9864000000000015
french shoegaze,-5.9863800000000005
zouglou,-5.985
canadian ccm,-5.979639632107023
brooklyn drill,-5.9788232416134575
tropical house,-5.972473063913777
south dakota indie,-5.972
seattle hip hop,-5.967221259029928
texas latin rap,-5.958651385219808
cape town indie,-5.955
deep southern trap,-5.954174623625035
japanese punk rock,-5.9460000000000015
canadian punk,-5.9456672005413935
midwest americana,-5.93975
ritmo kombina,-5.927666666666667
melodic metal,-5.92235
japanese emo,-5.916534722222222
leicester indie,-5.9138
sevillanas,-5.9079999999999995
norwegian metal,-5.896000000000001
australian psych,-5.8951881159420285
alternative metal,-5.887320968125027
eurovision,-5.879
melodic power metal,-5.872000000000001
post-teen pop,-5.8685492360846165
hip hop cubano,-5.8674444444444465
german power metal,-5.858298484848485
rebel blues,-5.8561733333333335
new orleans rap,-5.847933108937854
pop nacional,-5.847104166666666
swedish metal,-5.83542322091331
north east england indie,-5.835333333333334
german dance,-5.83304
kaneka,-5.824823529411766
gospel rap,-5.817
musica potosina,-5.8159
pop dance,-5.81560316966756
bounce,-5.810721633126935
mexican hip hop,-5.806679502588913
rock independant francais,-5.802796296296298
talent show,-5.801465576397978
japanese prog,-5.7810000000000015
trap latino,-5.768831426661498
groove metal,-5.754641132542164
rva indie,-5.751
huapango,-5.74075
classic dubstep,-5.740645833333334
nashville hip hop,-5.736947330367073
christian metalcore,-5.725753939393939
swedish alternative rock,-5.725375494071146
virginia punk,-5.7160416666666665
bass trap,-5.701177701465204
afro dancehall,-5.698983585858586
russian metalcore,-5.698222222222222
russian metal,-5.698222222222222
trap argentino,-5.695364583333332
jazz metal,-5.676166666666667
j-punk,-5.6735000000000015
cymraeg,-5.6720000000000015
norteno-sax,-5.671897619047619
melbourne bounce international,-5.668488095238095
pakistani hip hop,-5.665666666666668
candy pop,-5.6624994307664585
brazilian hip hop,-5.6560000000000015
edm,-5.653887858488282
boy pop,-5.647
thai folk,-5.644
deep uplifting trance,-5.633625
orgcore,-5.6244924242424235
swedish idol pop,-5.622000000000001
grime,-5.605150686813187
bassline,-5.60231
groove room,-5.599185185185187
lexington ky indie,-5.5905000000000005
australian metalcore,-5.586337500000003
gothic metal,-5.580752076318742
darksynth,-5.579875
bhangra,-5.576118357487924
future house,-5.5718
garage pop,-5.568275
latin funk,-5.5635
australian indigenous,-5.561999999999999
battle rap,-5.558820034185021
danish hip hop,-5.5520000000000005
german post-hardcore,-5.544
breakcore,-5.537333333333333
melodic dubstep,-5.530353289473685
christian hip hop,-5.521925185185187
euroska,-5.519
reggaeton cristiano,-5.516599999999999
danish singer-songwriter,-5.513
danish post-punk,-5.513
eurobeat,-5.506717948717948
australian underground hip hop,-5.503999999999998
electronic trap,-5.498316263205396
neue deutsche harte,-5.498198979591836
skate punk,-5.493027001021801
connecticut hardcore,-5.492680555555557
vancouver metal,-5.489857142857142
avant-garde metal,-5.4895
funk pop,-5.488555555555557
sacred steel,-5.486041666666668
swedish eurodance,-5.484999999999999
dangdut,-5.479
indonesian indie,-5.479
classic indo pop,-5.479
post-grunge,-5.478190214531881
nintendocore,-5.475073529411764
maine hip hop,-5.474
finnish heavy metal,-5.468999999999999
scam rap,-5.4686200000000005
minneapolis punk,-5.4623333333333335
slovenian electronic,-5.45875
sky room,-5.4532500000000015
indie pop rap,-5.437803116418905
uk funky,-5.4358282828282825
traditional rockabilly,-5.4350023809523815
nu metal,-5.43441960310633
funky breaks,-5.432
pop rock brasileiro,-5.42
rock gaucho,-5.42
azonto,-5.415332467532465
detroit hip hop,-5.4129224226095305
belgian hardcore,-5.4110000000000005
canadian indigenous hip hop,-5.4079999999999995
bc underground hip hop,-5.40244
asbury park indie,-5.402
visual kei,-5.400444444444445
duranguense,-5.40017449940932
pop punk,-5.389664960133233
symphonic metal,-5.386179476584022
filthstep,-5.382740740740743
deathcore,-5.382181296296297
christian punk,-5.372740711462451
gothenburg metal,-5.370572727272728
cubaton,-5.3674444444444465
australian house,-5.3638571428571415
arkansas hip hop,-5.359666666666667
dutch house,-5.345080086580087
modern ska punk,-5.337105592185592
uk stoner rock,-5.332000000000002
melodic thrash,-5.330594516594517
dakke dak,-5.3279999999999985
musica aragonesa,-5.311695652173915
gaming edm,-5.311220238095238
reggaeton colombiano,-5.307985794859332
korean trap,-5.3055
pop venezolano,-5.286102040816326
instrumental grime,-5.278033333333333
rap metal,-5.272898920284275
cleveland metal,-5.270464285714286
pop edm,-5.260801688846135
musica canaria,-5.258666666666667
brighton indie,-5.251933333333334
mexican pop punk,-5.2512
jewish hip hop,-5.245666666666667
dutch hip hop,-5.2445
shaabi,-5.242999999999999
oth indie,-5.242000000000001
rap rock,-5.239084869583189
technical groove metal,-5.2326
folk metal,-5.226666666666667
dutch rap pop,-5.223133333333334
metalcore,-5.2195860500123255
german alternative rock,-5.2168
bath indie,-5.216
melodic death metal,-5.211509242424242
progressive metalcore,-5.200666666666667
chinese idol pop,-5.1979999999999995
northern irish indie,-5.197200000000001
canadian pop punk,-5.1947548387096765
deep flow,-5.189
musica ayacuchana,-5.186
huayno,-5.186
croatian folk,-5.181
electro house,-5.180620323254948
blackened crust,-5.176
black 'n' roll,-5.176
norwegian death metal,-5.176
teen pop,-5.1708538647342985
dubstep,-5.170275
french dnb,-5.166
jump up,-5.166
electro latino,-5.1637855042341965
opera metal,-5.160267676767677
zimdancehall,-5.1579999999999995
trancecore,-5.147225845410627
australian garage punk,-5.1425625
melodic metalcore,-5.1360112666666415
vgm remix,-5.133666666666667
melbourne bounce,-5.12675925925926
rhode island rap,-5.117181818181818
norwegian pop rap,-5.115
japanese electropop,-5.1094375
trap mexicano,-5.107666666666666
cincinnati rap,-5.1003333333333325
spanish hip hop,-5.099666666666667
norwegian rock,-5.09825
dutch metal,-5.094166666666666
screamo,-5.092104712718637
solipsynthm,-5.0905000000000005
dutch death metal,-5.087
finnish metal,-5.0805151515151525
swedish indie rock,-5.066888888888889
crack rock steady,-5.066083333333332
slayer,-5.066004166666667
christian rock,-5.065396386134139
latin ska,-5.0625
grunge pop,-5.056
french techno,-5.052
estonian pop,-5.035571428571427
funeral doom,-5.0310000000000015
japanese alternative rock,-5.02
new jersey hardcore,-5.014749566574204
melodic groove metal,-5.009818181818182
korean mask singer,-5.0095
deep psychobilly,-5.002
traprun,-4.99315
korean indie rock,-4.9639999999999995
connecticut indie,-4.956
southern metal,-4.955708333333332
argentine hip hop,-4.9554375
pixie,-4.950766429068565
j-pop,-4.946455388888888
neon pop punk,-4.942292255080206
stomp pop,-4.934380090497736
big room,-4.928863602838106
post-post-hardcore,-4.928277777777779
turkish edm,-4.923
happy hardcore,-4.9155
rap chileno,-4.902592592592593
j-metal,-4.8978981481481485
deep big room,-4.896364758698091
norwegian hip hop,-4.888999999999999
irish accordion,-4.883
ghanaian hip hop,-4.8746
atlanta metal,-4.874466666666667
trap triste,-4.85425
pinoy pop punk,-4.85
cumbia chilena,-4.8439999999999985
italian gothic metal,-4.8424000000000005
italian metal,-4.8424000000000005
italian gothic,-4.8424000000000005
cumbia villera,-4.842
anime,-4.8337139025389035
danish pop,-4.819047619047619
brostep,-4.814973293315248
french post-punk,-4.806
celtic metal,-4.802142857142857
progressive electro house,-4.801594427734427
mashup,-4.799685714285714
viral trap,-4.79932142857143
hard alternative,-4.798363768115942
thai pop,-4.788333333333333
cumbia pop,-4.7828333333333335
german indie,-4.78
garage punk,-4.777558441558441
west australian hip hop,-4.762
alternative pop rock,-4.751005194805195
portland metal,-4.7425
progressive groove metal,-4.7386859090909095
pop house,-4.729855555555555
panamanian rock,-4.7085
south african rock,-4.705075268817205
romanian pop,-4.691533333333334
brazilian edm,-4.690333333333333
uk post-hardcore,-4.6885
swedish doom metal,-4.6674444444444445
epic doom,-4.6674444444444445
virginia metal,-4.665473557692309
texas pop punk,-4.661095238095238
venezuelan hip hop,-4.6575614035087725
boston metal,-4.657266666666668
gothic alternative,-4.647333333333333
latin talent show,-4.6405084745762695
monterrey indie,-4.628
american metalcore,-4.625000000000001
tennessee metal,-4.621
japanese power metal,-4.615166666666666
new jersey punk,-4.605320995145632
deep g funk,-4.597666666666666
complextro,-4.595855496794871
chinese electropop,-4.592
kansas city hip hop,-4.582782202111615
bahamian pop,-4.581333333333334
industrial hip hop,-4.5793660714285735
afrofuturismo brasileiro,-4.579
finnish alternative rock,-4.555666666666666
spiritual hip hop,-4.545
reggaeton mexicano,-4.542
caracas indie,-4.533
cumbia paraguaya,-4.522
christian hard rock,-4.517666666666667
perth indie,-4.513999999999999
canadian metalcore,-4.51
melbourne indie,-4.5089999999999995
technical melodic death metal,-4.499
trap chileno,-4.496
gymcore,-4.483676366843033
pop emo,-4.47833258132483
peruvian hip hop,-4.4510000000000005
k-pop,-4.437254246686772
hong kong hip hop,-4.396
gabba,-4.390455782312925
moombahton,-4.383256688596491
wyoming indie,-4.380999999999999
australian ska,-4.355999999999999
cedm,-4.352961538461539
swedish metalcore,-4.343
west virginia indie,-4.341
classic bhangra,-4.330555555555557
south carolina metal,-4.33
euphoric hardstyle,-4.3251
tamaulipas rap,-4.323
miami metal,-4.3214000000000015
pagode baiano,-4.3196666666666665
post-screamo,-4.319112117346939
nu-metalcore,-4.305768518518518
thai folk rock,-4.294
j-dance,-4.292
frenchcore,-4.278333333333333
danish punk,-4.276
newcastle nsw indie,-4.274000000000001
trap venezolano,-4.246
j-rock,-4.214660049019608
ukrainian pop,-4.189
j-acoustic,-4.185
nantes indie,-4.171
concepcion indie,-4.166
cameroonian pop,-4.16
russian edm,-4.158
gaming dubstep,-4.151
swedish garage rock,-4.150666666666666
scream rap,-4.15025
moldovan pop,-4.149944444444444
indie rockism,-4.1432
christian dance,-4.13
okinawan pop,-4.129
punk rock italiano,-4.119
tamaulipas indie,-4.1080000000000005
latincore,-4.1080000000000005
british power metal,-4.1056
jamtronica,-4.099
uk metalcore,-4.0961330992377185
welsh metal,-4.059928571428571
punjabi hip hop,-4.05
k-pop boy group,-4.040120468258989
mathcore,-4.038333333333334
polish post-rock,-4.0169999999999995
german underground rap,-4.007
corridos cristianos,-3.995
j-pixie,-3.980066666666666
easycore,-3.9774285714285713
j-poprock,-3.9686412202380943
dutch edm,-3.912703081232492
danish alternative rock,-3.91
funk paulista,-3.908
oshare kei,-3.87
australian metal,-3.863
new orleans indie,-3.86
japanese jazztronica,-3.852
italian power metal,-3.8225
symphonic black metal,-3.8221666666666665
melodic deathcore,-3.814780952380953
scottish metal,-3.807
classic hardstyle,-3.800683333333333
arizona punk,-3.7956666666666674
gothic black metal,-3.78975
french death metal,-3.7406875
french metal,-3.7406875
anime rock,-3.733998148148148
vocaloid,-3.7275
jordanian pop,-3.715
deep dance pop,-3.708
dutch dnb,-3.695
k-pop girl group,-3.69187015018315
fast melodic punk,-3.69
progressive power metal,-3.687
alabama metal,-3.666
uk garage,-3.637333333333333
english indie rock,-3.6356666666666655
newcastle indie,-3.6319999999999997
dembow,-3.607785714285715
uptempo hardcore,-3.6044380952380948
classic thai pop,-3.588
italian blues,-3.5439999999999996
guatemalan pop,-3.515
rock chapin,-3.515
circuit,-3.5060000000000002
guaracha,-3.5060000000000002
hiplife,-3.4810000000000003
ghent indie,-3.423
belgian indie rock,-3.423
modern swing,-3.42
uk diy punk,-3.346
deep r&b,-3.282
deep indie singer-songwriter,-3.279
deathstep,-3.27475
anime latino,-3.2522
indie rock mexicano,-3.2310000000000003
modern uplift,-3.2061818181818182
dark hardcore,-3.2018571428571425
finnish death metal,-3.1739999999999995
idol rock,-3.1381250000000005
deep melodic metalcore,-3.0660000000000003
rawstyle,-3.0406076190476186
manchester indie,-2.944
neurofunk,-2.9130000000000003
deep dnb,-2.9130000000000003
hardstyle,-2.8628333333333336
slavic folk metal,-2.795
atmospheric post-rock,-2.7310000000000003
dong-yo,-2.6545
russian dance,-2.634
kawaii metal,-2.6232500000000005
alt-idol,-2.6232500000000005
norwegian punk rock,-2.3825
xtra raw,-2.344
belarusian pop,-2.21
belarusian rock,-2.21
nz punk,-2.112
nz hardcore,-2.112
japanese post-hardcore,-2.00075
japanese indie rock,-1.82
j-idol,-1.810809523809524
birmingham hip hop,-1.714
japanese metalcore,-1.6273888888888892
arabic hip hop,-0.91
palestinian pop,-0.91
middle east hip hop,-0.91
action rock,-0.253
memphis indie,-0.253
nederlandse hardstyle,0.06
