afrofuturism,0
alternative r&b,0
australian talent show,0
british soul,0
chill r&b,0
college a cappella,0
dutch pop,0
emo rap,0
experimental hip hop,0
indie r&b,0
indie soul,0
korean r&b,0
lexington ky indie,0
neo soul,0
nerdcore,0
nyc pop,0
nz pop,0
oc rap,0
pittsburgh rap,0
pop,0
pop r&b,0
pop venezolano,0
portland hip hop,0
r&b,0
sad rap,0
scandipop,0
trap soul,0
uk pop,0
urban contemporary,0
wonky,0
black metal,1
black thrash,1
british death metal,1
british grindcore,1
brutal death metal,1
buffalo ny metal,1
death 'n' roll,1
deathgrind,1
goregrind,1
grindcore,1
norwegian black metal,1
norwegian metal,1
orebro indie,1
quebec death metal,1
swiss black metal,1
technical death metal,1
technical groove metal,1
technical thrash,1
histoire pour enfants,2
indie triste,2
lo-fi cover,2
musique pour enfants,2
canadian comedy,3
comic,3
drama,3
halloween,3
musica paraibana,4
nordic contemporary classical,4
ambient black metal,5
atmospheric black metal,5
autonomous black metal,5
drone metal,5
dub metal,5
dungeon synth,5
pagan black metal,5
post-metal,5
swedish black metal,5
viking black metal,5
classic j-rock,6
dark clubbing,6
darksynth,6
finnish edm,6
french indietronica,6
garage psych,6
glitch,6
glitch pop,6
japanese psychedelic,6
medieval rock,6
modern dream pop,6
nordic post-rock,6
nu gaze,6
palm desert scene,6
progressive jazz fusion,6
russian post-punk,6
synthwave,6
vgm remix,6
australian metalcore,7
brazilian groove metal,7
brazilian metal,7
brazilian thrash metal,7
british black metal,7
chaotic hardcore,7
cleveland metal,7
deathcore,7
deathstep,7
filthstep,7
german thrash metal,7
gothic black metal,7
groove metal,7
melodic deathcore,7
melodic metalcore,7
metal mineiro,7
metalcore,7
power thrash,7
progressive groove metal,7
progressive metalcore,7
symphonic black metal,7
uk metalcore,7
uk post-hardcore,7
chill beats,8
chill out,8
danish post-punk,8
danish singer-songwriter,8
electronic djent,8
malmo indie,8
minimal melodic techno,8
arab groove,9
asheville indie,9
brass band,9
canadian contemporary r&b,9
classic danish pop,9
deep indian pop,9
dutch rock,9
filmi,9
guinean pop,9
indian instrumental,9
indie jazz,9
jazz funk,9
jazz fusion,9
musica andina,9
new weird america,9
nueva ola chilena,9
psicodelia brasileira,9
samba-jazz,9
tamil pop,9
turkish psych,9
washboard,9
avant-garde jazz,10
bebop,10
big band,10
classical mandolin,10
classify,10
contemporary post-bop,10
cool jazz,10
easy listening,10
exotica,10
free jazz,10
french jazz,10
french soundtrack,10
hard bop,10
jazz,10
jazz drums,10
jazz flute,10
jazz harp,10
jazz quartet,10
jazz saxophone,10
jazz trumpet,10
jazz vibraphone,10
laboratorio,10
latin soundtrack,10
lounge,10
psychedelic folk,10
slack-key guitar,10
space age pop,10
steel guitar,10
swing,10
theme,10
vocal jazz,10
dutch blues,11
israeli mediterranean,11
japanese girl punk,11
uk rockabilly,11
belgian jazz,12
bouzouki,12
christmas instrumental,12
classic japanese jazz,12
french baroque,12
greek contemporary classical,12
guitarra argentina,12
harmonica jazz,12
honky-tonk piano,12
instrumental acoustic guitar,12
japanese jazz,12
jazz brass,12
jazz guitar,12
jazz piano,12
latin classical,12
library music,12
marching band,12
neo kyma,12
nuevo tango,12
spytrack,12
stride,12
ukulele,12
violao,12
baltimore hip hop,13
basshall,13
danish hip hop,13
denpa-kei,13
experimental house,13
guam indie,13
london rap,13
ritmo kombina,13
urbano espanol,13
virgin islands reggae,13
autoharp,14
irish banjo,14
mexican son,14
vaudeville,14
african-american classical,15
australian choir,15
bible,15
classical countertenor,15
nz christian,15
vocal ensemble,15
warm drone,15
baglama,16
british dance band,16
dabke,16
gypsy,16
military cadence,16
norman ok indie,16
oud,16
syrian pop,16
uzbek traditional,16
american choir,17
classical baritone,17
classical bass,17
classical mezzo-soprano,17
classical soprano,17
classical tenor,17
german choir,17
german opera,17
german show tunes,17
italian baritone,17
italian bass,17
italian mezzo-soprano,17
italian opera,17
italian orchestra,17
italian romanticism,17
italian soprano,17
italian tenor,17
kolsche karneval,17
madrigal,17
messianic praise,17
mountain dulcimer,17
opera,17
opera chorus,17
orkney and shetland folk,17
rap napoletano,17
taiwan hip hop,17
vintage gospel,17
yiddish folk,17
black comedy,18
clean comedy,18
comedy,18
deep comedy,18
new comedy,18
afrofuturismo brasileiro,19
deep pop edm,19
guatemalan pop,19
mainland chinese pop,19
pinoy indie,19
rock chapin,19
zhongguo feng,19
canadian metal,20
crossover thrash,20
crust punk,20
death metal,20
deathrash,20
djent,20
emo punk,20
emocore,20
finnish metal,20
florida death metal,20
french shoegaze,20
garage punk,20
german metal,20
german power metal,20
gothabilly,20
hardcore,20
hardcore punk,20
louisiana metal,20
melodic death metal,20
melodic metal,20
metal,20
neo classical metal,20
nwobhm,20
nyhc,20
old school thrash,20
post-hardcore,20
power metal,20
progressive metal,20
slamming deathcore,20
slayer,20
speed metal,20
straight edge,20
surf punk,20
swedish death metal,20
swedish metal,20
swedish power metal,20
symphonic metal,20
thrash core,20
thrash metal,20
us power metal,20
experimental folk,21
irish pub song,21
neo-traditional country,21
puerto rican rock,21
samba-enredo,21
speed garage,21
celtic metal,22
chinese electropop,22
fort worth indie,22
grunge pop,22
leicester indie,22
new jersey punk,22
perth indie,22
reggaeton cristiano,22
russian edm,22
russian metal,22
russian metalcore,22
afrobeat,23
bboy,23
broken beat,23
deep house,23
desi hip hop,23
detroit house,23
electro jazz,23
electro swing,23
instrumental funk,23
jazztronica,23
latinx alternative,23
makossa,23
modern funk,23
nu jazz,23
nu-cumbia,23
portland indie,23
punjabi pop,23
rare groove,23
shibuya-kei,23
shimmer psych,23
smooth saxophone,23
tucson indie,23
western mass indie,23
alternative metal,24
arizona punk,24
atlanta metal,24
canadian post-hardcore,24
canadian punk,24
chicago hardcore,24
chicano punk,24
christian hard rock,24
danish rock,24
easycore,24
funk metal,24
future rock,24
german hard rock,24
german heavy metal,24
german rock,24
glam metal,24
gymcore,24
hard rock,24
industrial metal,24
noise rock,24
nu metal,24
rap metal,24
rap rock,24
sleaze rock,24
southern metal,24
spanish metal,24
welsh metal,24
welsh rock,24
wrestling,24
album rock,25
atlanta indie,25
australian alternative rock,25
australian rock,25
bay area indie,25
beatlesque,25
blues rock,25
boston rock,25
british blues,25
britpop,25
chicago indie,25
classic rock,25
classic russian rock,25
cowpunk,25
e6fi,25
folk punk,25
funk rock,25
futurepop,25
glam rock,25
heartland rock,25
jam band,25
madchester,25
modern big band,25
modern hard rock,25
modern southern rock,25
neue deutsche todeskunst,25
permanent wave,25
psychedelic rock,25
rock,25
scottish rock,25
sound team,25
southern rock,25
spanish new wave,25
supergroup,25
zolo,25
[],26
american folk revival,26
azeri traditional,26
bangla,26
bhajan,26
cabaret,26
classic arab pop,26
disney,26
folclore salteno,26
french movie tunes,26
harlem renaissance,26
jazz orchestra,26
kabarett,26
movie tunes,26
muzica populara,26
romanian rock,26
torch song,26
turkish folk,26
vintage chanson,26
vintage hollywood,26
vintage old-time,26
vintage schlager,26
vintage swedish pop,26
west end,26
anime latino,27
belgian hardcore,27
british power metal,27
chicago punk,27
early us punk,27
eurobeat,27
garage pop,27
german oi,27
glam punk,27
horror punk,27
japanese indie rock,27
japanese jazztronica,27
japanese pop punk,27
melodic hardcore,27
modern ska punk,27
oi,27
orgcore,27
power-pop punk,27
psychobilly,27
punk,27
punk 'n' roll,27
riot grrrl,27
russian alternative rock,27
ska punk,27
skate punk,27
street punk,27
swedish garage rock,27
swedish indie rock,27
uk82,27
virginia punk,27
wyoming indie,27
action rock,28
funeral doom,28
memphis indie,28
uk noise rock,28
argentine hardcore,29
argentine punk,29
beninese pop,29
classic french pop,29
columbus ohio indie,29
german post-hardcore,29
hong kong hip hop,29
j-idol,29
ok indie,29
oshare kei,29
beach music,30
bush ballad,30
cape verdean folk,30
chattanooga indie,30
cumbia peruana,30
estonian hip hop,30
gujarati pop,30
hula,30
italian pop rock,30
morna,30
musica para ninos,30
musique touareg,30
russian chanson,30
samba de roda,30
saskatchewan indie,30
tuareg guitar,30
violao classico,30
western saharan folk,30
york indie,30
industrial hardcore,31
speedcore,31
wave,31
baroque ensemble,32
caucasian classical,32
early music ensemble,32
gregorian chant,32
historically informed performance,32
kodomo no ongaku,32
komedi,32
mallet,32
norwegian choir,32
sarod,32
vintage classical singing,32
violin,32
yoik,32
austrian classical piano,33
classical guitar,33
guitarra clasica,33
hangpan,33
japanese traditional,33
mexican classical,33
musica antigua,33
post-minimalism,33
prepared piano,33
spanish renaissance,33
turkish classical performance,33
albany ny indie,34
dark techno,34
depressive black metal,34
dubsteppe,34
hungarian edm,34
hungarian techno,34
icelandic electronic,34
italian techno,34
bakersfield sound,35
bolero cubano,35
british comedy,35
cha-cha-cha,35
classic colombian pop,35
classic polish pop,35
classic venezuelan pop,35
cuatro venezolano,35
cumbia ranchera,35
deep motown,35
folklore venezolano,35
honky tonk,35
jawaiian,35
jazz chileno,35
jazz venezolano,35
jump blues,35
louisiana blues,35
musica juiz-forana,35
musica llanera,35
musica tradicional cubana,35
new mexico music,35
persian pop,35
pinoy r&b,35
samba moderno,35
son cubano clasico,35
stomp and whittle,35
traditional country,35
western swing,35
anglican liturgy,36
baroque singing,36
british choir,36
british contemporary classical,36
british modern classical,36
cambridge choir,36
canadian choir,36
choral,36
classical contralto,36
early music choir,36
flick hop,36
french orchestra,36
french romanticism,36
middle earth,36
new isolationism,36
polyphony,36
victorian britain,36
abstract hip hop,37
afroswing,37
boston hip hop,37
cali rap,37
chicano rap,37
hyphy,37
jazz boom bap,37
jazz rap,37
nashville hip hop,37
neo r&b,37
oakland hip hop,37
proto-rap,37
rap underground mexicano,37
sacramento hip hop,37
scratch,37
turntablism,37
west coast trap,37
austin americana,38
austin singer-songwriter,38
boston indie,38
british alternative rock,38
contemporary gospel,38
electronic rock,38
french psychedelic,38
gospel,38
gospel r&b,38
hyperpop,38
japanese new wave,38
japanese singer-songwriter,38
kiwi rock,38
ohio indie,38
one-person band,38
pirate,38
pop soul,38
sacred steel,38
swing revival,38
technical deathcore,38
uk contemporary r&b,38
alternative hip hop,39
battle rap,39
beatboxing,39
boom bap,39
bronx hip hop,39
conscious hip hop,39
detroit hip hop,39
east coast hip hop,39
flint hip hop,39
g funk,39
gangster rap,39
hardcore hip hop,39
harlem hip hop,39
hip hop,39
indie hip hop,39
philly rap,39
political hip hop,39
psychedelic hip hop,39
queens hip hop,39
rap conciencia,39
soul flow,39
underground rap,39
west coast rap,39
classic russian pop,40
deep latin alternative,40
detskie pesni,40
russian jazz,40
villancicos,40
wassoulou,40
belgian indie rock,41
eastern bloc groove,41
free folk,41
ghent indie,41
japanese dream pop,41
acid rock,42
canadian psychedelic,42
irish rock,42
italian progressive rock,42
jazz rock,42
lancaster pa indie,42
neo-progressive,42
okc indie,42
pinoy praise,42
pinoy rock,42
praise,42
progressive rock,42
psychedelic blues-rock,42
sheffield indie,42
singaporean singer-songwriter,42
symphonic rock,42
uk worship,42
brazilian ska,43
dark hardcore,43
idol rock,43
japanese metalcore,43
japanese post-hardcore,43
modern swing,43
armenian folk,44
atmosphere,44
background music,44
brazilian classical piano,44
chakra,44
chamber choir,44
classical horn,44
contrabass,44
duduk,44
j-ambient,44
japanese concert band,44
norwegian classical,44
norwegian experimental,44
polish modern jazz,44
sound art,44
spanish classical piano,44
streichquartett,44
ukrainian classical piano,44
c86,45
dark cabaret,45
instrumental surf,45
jacksonville indie,45
jangle pop,45
mexican rock,45
minneapolis indie,45
mod revival,45
power pop,45
protopunk,45
pub rock,45
rock keyboard,45
rock nacional brasileiro,45
steampunk,45
tape club,45
twee pop,45
uk pop punk,45
underground power pop,45
experimental big band,46
greek folk,46
greek guitar,46
italian baroque ensemble,46
turkish modern jazz,46
uilleann pipes,46
brazilian reggae,47
cartoon,47
comedy rap,47
cumbia lagunera,47
dancehall,47
deep ragga,47
dub,47
electro,47
french reggae,47
indiana hip hop,47
kids dance party,47
lovers rock,47
mexican hip hop,47
modern reggae,47
old school dancehall,47
old school hip hop,47
p funk,47
reggae,47
roots reggae,47
salsa choke,47
second line,47
soca,47
acid house,48
aggrotech,48
australian house,48
big beat,48
cinematic post-rock,48
ebm,48
electro-industrial,48
grave wave,48
industrial,48
industrial rock,48
kawaii future bass,48
livetronica,48
minimal wave,48
neue deutsche harte,48
nu skool breaks,48
psychill,48
rochester mn indie,48
vaporwave,48
acoustic punk,49
azontobeats,49
brazilian rock,49
canadian celtic,49
celtic rock,49
classic belgian pop,49
classic garage rock,49
electronica argentina,49
freakbeat,49
j-pop girl group,49
kentucky roots,49
kingston on indie,49
lo star,49
modern old-time,49
peruvian rock,49
pittsburgh rock,49
queercore,49
retro soul,49
rock baiano,49
sefardi,49
spanish invasion,49
spanish rock,49
tempe indie,49
traditional soul,49
yugoslav new wave,49
cajun,50
classic norwegian pop,50
classic peruvian pop,50
folklore peruano,50
gaita zuliana,50
marathi pop,50
merengue tipico,50
musica afroperuana,50
vallenato moderno,50
mexican traditional,51
musique pour enfant quebecois,51
polish blues,51
polish rock,51
v-pop,51
vietnamese bolero,51
vietnamese pop,51
american early music,52
deep northern soul,52
detske pisnicky,52
experimental jazz,52
american 21st century classical,53
contemporary choir,53
german renaissance,53
musica de fondo,53
singing bowl,53
white noise,53
australian country,54
balkan brass,54
bedroom pop,54
bedroom soul,54
buffalo ny indie,54
canadian blues,54
chilean indie,54
chilean rock,54
german pop,54
german pop rock,54
indian indie,54
indie quebecois,54
k-indie,54
korean pop,54
milwaukee indie,54
modern alternative pop,54
musica cristiana guatemalteca,54
oakland indie,54
ontario indie,54
pop nacional antigas,54
scandinavian r&b,54
scottish singer-songwriter,54
smooth soul,54
wyoming roots,54
asbury park indie,55
finnish alternative rock,55
j-dance,55
japanese alternative rock,55
miami metal,55
monterrey indie,55
quebec indie,55
west virginia indie,55
albanian pop,56
atmospheric dnb,56
barbadian pop,56
dark disco,56
finnish soul,56
garage house,56
hamburg electronic,56
indian edm,56
italo house,56
juju,56
latin house,56
phoenix indie,56
pop electronico,56
rap dominicano,56
south african pop dance,56
venezuelan indie,56
vogue,56
american shoegaze,57
birmingham metal,57
danish metal,57
dc hardcore,57
doom metal,57
dreamgaze,57
louisville underground,57
metal guitar,57
psychedelic doom,57
reading indie,57
retro metal,57
sludge metal,57
stoner metal,57
stoner rock,57
swedish progressive metal,57
tolkien metal,57
uk doom metal,57
acoustic rock,58
ambient worship,58
bow pop,58
children's choir,58
eau claire indie,58
icelandic rock,58
lund indie,58
melancholia,58
slowcore,58
small room,58
spiritual jazz,58
swedish stoner rock,58
circuit,59
digital hardcore,59
focus trance,59
guaracha,59
japanese piano,59
progressive trance house,59
proto-techno,59
russian dance,59
ukrainian electronic,59
black 'n' roll,60
blackened crust,60
d-beat,60
minneapolis punk,60
neo-trad metal,60
norwegian death metal,60
nwothm,60
portland metal,60
psychedelic punk,60
alberta country,61
argentine rock,61
austindie,61
australian singer-songwriter,61
boy band,61
canadian contemporary country,61
deep euro house,61
denver indie,61
europop,61
italian indie pop,61
jamgrass,61
korean mask singer,61
latin alternative,61
latin pop,61
latin rock,61
manchester hip hop,61
mexican pop,61
pony,61
rock en espanol,61
southern soul blues,61
spanish pop,61
spanish pop rock,61
thai folk,61
thai indie rock,61
veracruz indie,61
barnmusik,62
danish pop rock,62
hokkien pop,62
liedermacher,62
tagalog worship,62
ambeat,63
channel islands indie,63
chill pop,63
cubaton,63
early reggae,63
folclor colombiano,63
kaneka,63
kompa,63
musica andina colombiana,63
musica canaria,63
nova musica pernambucana,63
polynesian pop,63
popping,63
rock steady,63
son jarocho,63
tuna estudiantil,63
bajki,64
canadian indie folk,64
canzone genovese,64
chinese audiophile,64
clawhammer banjo,64
dutch indie,64
folclore jujeno,64
french contemporary classical,64
gospel blues,64
kentucky mountain folk,64
keroncong,64
navajo,64
nursery,64
quartetto d'archi,64
traditional british folk,64
trova mexicana,64
boogaloo,65
chunchaca,65
classic punjabi pop,65
cumbia ecuatoriana,65
folclor afrocolombiano,65
hard rock brasileiro,65
pinoy hip hop,65
pop flamenco,65
porro,65
rock alternativo brasileiro,65
swamp pop,65
trad jazz catala,65
vintage rockabilly,65
zydeco,65
shush,66
sleep,66
spa,66
african percussion,67
alternative dance,67
australian dance,67
australian garage punk,67
australian indie,67
australian pop,67
boy pop,67
candy pop,67
contemporary country,67
country pop,67
country road,67
dance-punk,67
denton tx indie,67
electropop,67
eugene indie,67
finnish heavy metal,67
future funk,67
garage rock revival,67
hopebeat,67
indie poptimism,67
indie rockism,67
indie surf,67
indietronica,67
la indie,67
mashup,67
metropopolis,67
michigan indie,67
modern alternative rock,67
modern country rock,67
modern rock,67
neo-synthpop,67
new rave,67
nordic house,67
otacore,67
pop dance,67
pop edm,67
rebel blues,67
shimmer pop,67
solipsynthm,67
stl indie,67
stomp pop,67
swedish country,67
swedish electropop,67
swedish indie pop,67
swedish pop,67
talent show,67
tropical house,67
uk alternative pop,67
uk dance,67
barbershop,68
islamic recitation,68
quran,68
vintage country folk,68
volksmusik,68
arkansas hip hop,69
bounce,69
chopped and screwed,69
cincinnati rap,69
deep g funk,69
dirty texas rap,69
indie pop rap,69
kansas city hip hop,69
korean trap,69
memphis hip hop,69
miami bass,69
new orleans rap,69
ohio hip hop,69
south african hip hop,69
trival,69
viral trap,69
afghan traditional,70
dansktop,70
dhrupad,70
hindustani vocal,70
indian classical,70
marathi traditional,70
punjabi folk,70
shabad,70
tollywood,70
veena,70
arabic jazz,71
barockinterpreten,71
burmese traditional,71
czech contemporary classical,71
galante era,71
italian violin,71
polca paraguaya,71
belarusian indie,72
bristol indie,72
pinoy traditional,72
sovietwave,72
birdsong,73
mindfulness,73
french dnb,74
jump up,74
north east england indie,74
progressive deathcore,74
slovenian metal,74
afro dancehall,75
asian american hip hop,75
bc underground hip hop,75
birmingham grime,75
christian hip hop,75
funk carioca,75
future house,75
ghanaian hip hop,75
grime,75
hip pop,75
instrumental grime,75
latin,75
latin hip hop,75
latin viral pop,75
nigerian pop,75
panamanian pop,75
perreo,75
rap latina,75
reggae fusion,75
reggaeton,75
reggaeton colombiano,75
reggaeton flow,75
rhode island rap,75
texas latin rap,75
trap latino,75
baltimore indie,76
deep indie singer-songwriter,76
drum and bass,76
gothic metal,76
italian gothic,76
italian gothic metal,76
italian metal,76
liquid funk,76
norwegian rock,76
polish post-rock,76
uk dnb,76
ambient idm,77
bristol electronic,77
classic psychedelic rock,77
classical accordion,77
italian contemporary jazz,77
lancashire indie,77
prog quebec,77
scottish folk,77
slc indie,77
substep,77
irish accordion,78
jazz colombiano,78
miami indie,78
pianissimo,78
rock kapak,78
salsa cubana,78
argentine heavy metal,79
australian electropop,79
bath indie,79
bmore,79
canadian pop punk,79
champeta,79
dakke dak,79
electroclash,79
electropowerpop,79
grand rapids indie,79
hands up,79
modern uplift,79
nigerian hip hop,79
northern irish indie,79
ska mexicano,79
vegas indie,79
ambient,80
ambient pop,80
british soundtrack,80
compositional ambient,80
danish classical,80
drone,80
experimental ambient,80
fourth world,80
hauntology,80
healing,80
indian fusion,80
kirtan,80
meditation,80
mizrahi,80
new age,80
nordic orchestra,80
nordic soundtrack,80
polish contemporary classical,80
soundtrack,80
string orchestra,80
ukrainian choir,80
alberta hip hop,81
colombian rock,81
cumbia chilena,81
cumbia colombiana regia,81
cumbia paraguaya,81
cumbia villera,81
deep flow,81
deep norteno,81
huapango,81
latin funk,81
musica potosina,81
new orleans indie,81
norteno-sax,81
punjabi hip hop,81
rva indie,81
swedish dancehall,81
buffalo hip hop,82
capoeira,82
children's story,82
abstract,83
braindance,83
deep idm,83
dub techno,83
italian mandolin,83
organic ambient,83
swiss country,83
instrumental math rock,84
italian progressive metal,84
iowa hip hop,85
latino comedy,85
alternative americana,86
anti-folk,86
art pop,86
art rock,86
athens indie,86
baroque pop,86
belly dance,86
chamber psych,86
chill lounge,86
experimental pop,86
folktronica,86
freak folk,86
indie garage rock,86
japanese folk,86
jovem guarda,86
lo-fi,86
neo-psychedelic,86
norwegian indie,86
nz indie,86
psychedelic pop,86
rock drums,86
vintage french electronic,86
bubble trance,87
deep minimal techno,87
dream trance,87
french techno,87
funky tech house,87
korean indie rock,87
neotango,87
swedish eurodance,87
swiss pop,87
tech house,87
alabama indie,88
albuquerque indie,88
brooklyn indie,88
bubblegrunge,88
canadian pop,88
country,88
country dawn,88
croatian pop,88
croatian rock,88
deep contemporary country,88
deep talent show,88
glee club,88
idol,88
indie pop,88
indie rock,88
indie singer-songwriter,88
irish pop,88
israeli pop,88
j-reggae,88
japanese r&b,88
latin arena pop,88
mariachi cristiano,88
mexican indie,88
nashville indie,88
nederpop,88
neo mellow,88
olympia wa indie,88
piano rock,88
pop rock,88
queer country,88
rap cristiano,88
red dirt,88
rock urbano mexicano,88
russian pop,88
seattle indie,88
stomp and holler,88
texas country,88
vapor pop,88
viral pop,88
washington indie,88
yugoslav rock,88
afro psych,89
balearic,89
brazilian boogie,89
cambodian rock,89
cumbia funk,89
khmer,89
latintronica,89
new orleans funk,89
classic latvian pop,90
faroese pop,90
folclore navarra,90
funk 150 bpm,90
isle of wight indie,90
latvian pop,90
old-time fiddle,90
oriental classical,90
pei indie,90
ryukyu ongaku,90
nederlandse hardstyle,91
xtra raw,91
new york death metal,92
south carolina metal,92
technical melodic death metal,92
uk stoner rock,92
brazilian punk,93
horrorcore,93
latin tech house,93
pittsburgh indie,93
afropop,94
arab pop,94
arkansas country,94
brill building pop,94
british invasion,94
bubblegum pop,94
canadian indie,94
cante flamenco,94
chicago soul,94
classic country pop,94
classic girl group,94
classic soul,94
classic swedish pop,94
classic uk pop,94
country rock,94
deep soft rock,94
desi pop,94
electric blues,94
folk rock,94
french indie pop,94
french rock,94
funk,94
indian folk,94
italian adult pop,94
mellow gold,94
memphis soul,94
merseybeat,94
mexican classic rock,94
modern blues,94
modern bollywood,94
modern folk rock,94
motown,94
musica alagoana,94
musica popular mineira,94
native american contemporary,94
northern soul,94
oklahoma country,94
outlaw country,94
philly soul,94
post-punk argentina,94
psychedelic soul,94
quiet storm,94
rock nacional,94
rock-and-roll,94
rockabilly,94
roots americana,94
roots rock,94
sertanejo,94
sertanejo universitario,94
soft rock,94
son cubano,94
soul,94
soul blues,94
souldies,94
southern soul,94
sufi,94
sunshine pop,94
swamp rock,94
texas blues,94
tropicalia,94
yacht rock,94
dutch cabaret,95
vintage dutch pop,95
cape town indie,96
chicago pop punk,96
cornwall indie,96
gothic symphonic metal,96
musique peule,96
norsk lovsang,96
norwegian pop rap,96
cyberpunk,97
danish alternative rock,97
folk metal,97
gothenburg metal,97
noise punk,97
progressive sludge,97
swiss metal,97
viking metal,97
japanese rockabilly,98
norwegian space disco,98
tulsa indie,98
american oi,99
carnatic instrumental,99
nisiotika,99
orquesta tipica,99
tabla,99
bandinhas,100
indie deutschrap,100
musica gaucha tradicionalista,100
bitpop,101
blues latinoamericano,101
boston metal,101
connecticut hardcore,101
deep dnb,101
dutch dnb,101
hard alternative,101
indie rock mexicano,101
j-pixie,101
japanese heavy metal,101
japanese power metal,101
manchester indie,101
melodic power metal,101
neurofunk,101
visual kei,101
coverchill,102
kashmiri pop,102
muzika l'yeladim,102
zurich indie,102
canterbury scene,103
christchurch indie,103
hurdy-gurdy,103
icelandic pop,103
martial industrial,103
neofolk,103
pop violin,103
rai,103
vienna indie,103
binaural,104
brain waves,104
caucasian classical piano,104
classical piano duo,104
hungarian contemporary classical,104
korean classical piano,104
medieval,104
afro-funk,105
boogie,105
brit funk,105
british children's music,105
classic tunisian pop,105
focus beats,105
guadalajara indie,105
hindi indie,105
lo-fi brasileiro,105
ny roots,105
post-disco,105
post-disco soul,105
rennes indie,105
south african country,105
tunisian pop,105
zouk,105
ambient folk,106
australian r&b,106
british singer-songwriter,106
canadian modern jazz,106
christian a cappella,106
ectofolk,106
geek folk,106
icelandic indie,106
indie anthem-folk,106
indie psych-pop,106
medieval folk,106
pop folk,106
swedish americana,106
swedish indie folk,106
toronto indie,106
english renaissance,107
historical keyboard,107
koto,107
native american flute,107
renaissance,107
sitar,107
visor,107
classic israeli pop,108
cowboy western,108
gospel singers,108
hong kong indie,108
hong kong rock,108
israeli rock,108
israeli singer-songwriter,108
nova mpb,108
outsider,108
piano mpb,108
polish pop,108
relaxative,108
spanish indie pop,108
western americana,108
alabama metal,109
boston punk,109
canadian hardcore,109
deep melodic metalcore,109
german alternative rock,109
italian blues,109
j-division,109
north carolina metal,109
australian post-hardcore,110
classic canadian rock,110
dance rock,110
early synthpop,110
neue deutsche welle,110
new romantic,110
new wave,110
new wave pop,110
rock brasiliense,110
scottish new wave,110
synthpop,110
uk house,110
cedm,111
chilean hardcore,111
christian dance,111
moldovan pop,111
norwegian hip hop,111
partyschlager,111
pop rock brasileiro,111
rock gaucho,111
romanian pop,111
ska chileno,111
spanish synthpop,111
thai folk rock,111
trap chileno,111
atmospheric post-metal,112
atmospheric sludge,112
psybass,112
classic bollywood,113
classic pakistani pop,113
cypriot pop,113
entehno,113
ghazal,113
greek clarinet,113
kannada bhava geethe,113
rebetiko,113
sandalwood,113
chillhop,114
comedy rock,114
dunedin indie,114
japanese chillhop,114
lo-fi beats,114
lo-fi chill,114
orlando indie,114
chamber ensemble,115
experimental guitar,115
piano cover,115
quatuor a cordes,115
swedish synth,115
canadian post-rock,116
esperanto,116
panpipe,116
romanian folk,116
space ambient,116
taiwan classical performance,116
argentine hip hop,117
hiplife,117
purple sound,117
r&b en espanol,117
scottish hip hop,117
trap argentino,117
uk alternative hip hop,117
auckland indie,118
boston hardcore,118
brighton indie,118
british indie rock,118
canadian ccm,118
christian alternative rock,118
christian pop,118
gainesville indie,118
melodic dubstep,118
melodic hard rock,118
modern blues rock,118
new england emo,118
new jersey indie,118
nightrun,118
norwegian pop,118
oxford indie,118
sacramento indie,118
vegan straight edge,118
atl hip hop,119
atl trap,119
azonto,119
baton rouge rap,119
canadian hip hop,119
chicago rap,119
christian trap,119
crunk,119
deep southern trap,119
deep underground hip hop,119
detroit trap,119
dfw rap,119
dirty south rap,119
florida rap,119
houston rap,119
industrial hip hop,119
meme rap,119
miami hip hop,119
minnesota hip hop,119
new jersey rap,119
new york drill,119
north carolina hip hop,119
nyc rap,119
rap,119
rap conscient,119
southern hip hop,119
tennessee hip hop,119
toronto rap,119
trap,119
trap queen,119
vapor trap,119
viral rap,119
virginia hip hop,119
anarcho-punk,120
belarusian pop,120
belarusian rock,120
fast melodic punk,120
norwegian punk rock,120
acid trance,121
breakcore,121
german trance,121
israeli techno,121
oth indie,121
romanian electronic,121
baton rouge indie,122
celtic punk,122
eurovision,122
gothic americana,122
israeli hip hop,122
latin afrobeat,122
latin talent show,122
pop argentino,122
reggae en espanol,122
rock andaluz,122
ska argentino,122
street band,122
synth funk,122
transpop,122
alternative pop rock,123
antiviral pop,123
australian hip hop,123
belgian pop,123
canadian latin,123
christian hardcore,123
dance pop,123
electro latino,123
francoton,123
german dance,123
girl group,123
k-pop,123
k-pop boy group,123
k-pop girl group,123
old school uk hip hop,123
pop nacional,123
post-teen pop,123
redneck,123
teen pop,123
thai pop,123
ambient house,124
brazilian edm,124
melbourne bounce,124
swedish hardcore,124
swedish post-hardcore,124
turkish edm,124
uk funky,124
danish electronic,125
diy emo,125
double drumming,125
el paso indie,125
glitch hop,125
omaha indie,125
progressive house,125
progressive trance,125
swedish hard rock,125
trance,125
uplifting trance,125
cornish folk,126
nuevo folklore mexicano,126
afro soul,127
atmospheric post-rock,127
bahamian pop,127
pagode baiano,127
uk dub,127
venezuelan hip hop,127
zouglou,127
ethnomusicology,128
gypsy jazz,128
swedish jazz orkester,128
beat italiano,129
cancion melodica,129
cantautor,129
gypsy punk,129
kayokyoku,129
macedonian folk,129
musikkorps,129
narodna muzika,129
pop romantico,129
puerto rican pop,129
san marcos tx indie,129
techno kayo,129
turbo folk,129
brooklyn drill,130
cuban alternative,130
kentucky hip hop,130
peruvian hip hop,130
scream rap,130
seattle hip hop,130
spanish hip hop,130
tamaulipas rap,130
wu fam,130
accordion,131
bluegrass fiddle,131
blues,131
bossa nova,131
bossa nova jazz,131
brazilian jazz,131
chicago blues,131
choro,131
classic greek pop,131
electric bass,131
greek pop,131
harmonica blues,131
hawaiian,131
instrumental bluegrass,131
irish folk,131
jazz blues,131
laiko,131
malian blues,131
mande pop,131
mandolin,131
memphis blues,131
mpb,131
new orleans blues,131
pakistani folk,131
polka,131
samba,131
soul jazz,131
south african jazz,131
velha guarda,131
world,131
deep full on,132
deep gothic post-punk,132
deep psychobilly,132
essex indie,132
irish metal,132
russian trance,132
arabesk,133
desert blues,133
griot,133
kc indie,133
mbalax,133
spanish modern rock,133
spanish noise pop,133
baroque woodwind,134
trio cubano,134
ann arbor indie,135
arkansas indie,135
chinese hip hop,135
devon indie,135
louvor,135
musical advocacy,135
nz folk,135
afro house,136
charango,136
folklore boliviano,136
musica para criancas,136
outer hip hop,136
ska jazz,136
hoerspiel,137
hungarian folk,137
magyar alternative,137
poetry,137
brazilian percussion,138
coco,138
dansband,138
folklore veracruzano,138
forro,138
forro tradicional,138
rockabilly en espanol,138
acoustic blues,139
appalachian folk,139
bolero,139
brazilian indie,139
classic australian country,139
classic schlager,139
country blues,139
country gospel,139
deep adult standards,139
delta blues,139
guitarra portuguesa,139
jug band,139
mexican rock-and-roll,139
musica nicaraguense,139
nashville sound,139
piedmont blues,139
sertanejo tradicional,139
traditional blues,139
traditional folk,139
bay area hip hop,140
deep east coast hip hop,140
hawaiian hip hop,140
jewish hip hop,140
rap chileno,140
riddim,140
bachata,141
bachata dominicana,141
banda,141
banda caliente,141
banda carnavalera,141
chilena,141
chutney,141
corrido,141
cumbia,141
cumbia andina mexicana,141
cumbia sonidera,141
deep funk,141
deep regional mexican,141
dominican pop,141
duranguense,141
merengue,141
norteno,141
nuevo regional mexicano,141
regional mexican,141
salsa colombiana,141
sierreno,141
ska revival,141
tamborazo,141
tecnobanda,141
tex-mex,141
traditional ska,141
vallenato,141
australian classical,142
chinese instrumental,142
dark jazz,142
italian jazz,142
modern jazz piano,142
oceania soundtrack,142
8-bit,143
antilliaanse folklore,143
hungarian pop,143
hungarian rock,143
folklore argentino,144
new england americana,144
progressive alternative,144
sevillanas,144
taiwan campus folk,144
audiophile vocal,145
egyptian traditional,145
japanese indie folk,145
kabyle,145
lldm,145
nubian traditional,145
scottish jazz,145
south african choral,145
baiao,146
boogie-woogie,146
carnatic,146
carnatic vocal,146
dixieland,146
folklore ecuatoriano,146
haitian traditional,146
ilocano pop,146
jazz clarinet,146
jazz trombone,146
jazz violin,146
new orleans jazz,146
piano blues,146
ragtime,146
tamil hip hop,146
tango,146
vintage jazz,146
vintage tango,146
bass trap,147
belgian edm,147
big room,147
breakbeat,147
brostep,147
canadian electronic,147
classic hardstyle,147
deep big room,147
dubstep,147
dutch edm,147
dutch house,147
edm,147
electro house,147
electronic trap,147
gaming edm,147
hardcore techno,147
minneapolis metal,147
moombahton,147
pop house,147
progressive electro house,147
rave,147
scam rap,147
sky room,147
slam poetry,147
traprun,147
vocal trance,147
canadian house,148
classic icelandic pop,148
concert band,149
dutch jazz,149
cambridgeshire indie,150
christelijk,150
classic czech pop,150
classic eurovision,150
classic praise,150
fo jing,150
israeli classical,150
lds,150
operatic pop,150
psalmen,150
utah indie,150
australian alternative pop,151
austrian pop,151
christian uplift,151
indonesian pop,151
indy indie,151
kent indie,151
lds youth,151
malaysian mandopop,151
mandopop,151
manitoba indie,151
nashville singer-songwriter,151
north carolina indie,151
nottingham indie,151
opm,151
pop chileno,151
roots worship,151
swedish singer-songwriter,151
yorkshire folk,151
baroque brass,152
brass ensemble,152
chill guitar,152
dinner jazz,152
ethiopian pop,152
gamelan,152
haryanvi pop,152
vgm instrumental,152
euroska,153
french post-punk,153
halifax indie,153
deep soul house,154
indie electronica,154
lo-fi house,154
lo-fi vgm,154
ghanaian traditional,155
deep space rock,156
neo-kraut,156
old west,156
modular synth,157
argentine telepop,158
calgary indie,158
musique concrete,158
turkish experimental,158
ambient industrial,159
derby indie,159
gabonese pop,159
icelandic jazz,159
kizomba antigas,159
ugandan pop,159
432hz,160
american primitive,160
berlin school,160
canadian soundtrack,160
chiptune,160
classical saxophone,160
deep tech house,160
german soundtrack,160
japanese vgm,160
krautrock,160
neoclassical darkwave,160
new tribe,160
outsider house,160
post-rock,160
scorecore,160
epic doom,161
indie shoegaze,161
italian modern prog,161
opera metal,161
swedish doom metal,161
bahamian folk,162
bandolim,162
cuban rumba,162
flamenco,162
flamenco guitar,162
irish fiddle,162
jazz cubano,162
mambo,162
rumba,162
surf music,162
traditional bluegrass,162
american orchestra,163
austrian choir,163
canadian classical,163
czech classical,163
czech classical piano,163
french opera,163
german orchestra,163
german romanticism,163
historic orchestral performance,163
jazz mexicano,163
late romantic era,163
post-romantic era,163
gujarati garba,164
american contemporary classical,165
avant-garde,165
british orchestra,165
chamber orchestra,165
classical,165
classical clarinet,165
classical flute,165
classical organ,165
classical performance,165
contemporary classical,165
deep soundtrack,165
early modern classical,165
early music,165
hungarian classical performance,165
impressionism,165
italian baroque,165
italian renaissance,165
japanese classical performance,165
korean classical performance,165
minimalism,165
orchestra,165
orchestral performance,165
radio symphony,165
russian romanticism,165
serialism,165
shakuhachi,165
swiss classical piano,165
ukrainian classical,165
celtic harp,166
classical trumpet,166
danish electropop,166
danish jazz,166
hammered dulcimer,166
pibroch,166
scottish fiddle,166
acoustic pop,167
alternative country,167
australian reggae fusion,167
canadian country,167
cantopop,167
chamber pop,167
deep new americana,167
folk-pop,167
ilahiler,167
indie cafe pop,167
indie folk,167
indiecoustica,167
irish country,167
lilith,167
new americana,167
pop quebecois,167
russian rock,167
singaporean mandopop,167
singaporean pop,167
south carolina indie,167
sufi chant,167
taiwan pop,167
taiwan singer-songwriter,167
thai idol,167
uk americana,167
vancouver indie,167
anime score,168
british experimental,168
british industrial,168
british jazz,168
dream pop,168
epicore,168
ethereal wave,168
experimental,168
experimental rock,168
lo-fi emo,168
math rock,168
shoegaze,168
space rock,168
a cappella,169
adult standards,169
bard,169
british folk,169
canadian singer-songwriter,169
canzone d'autore,169
celtic,169
chanson,169
classic italian pop,169
classic persian pop,169
copla,169
cosmic american,169
folk,169
french pop,169
funk ostentacao,169
lebanese pop,169
nueva cancion,169
russian folk,169
schlager,169
singer-songwriter,169
trova,169
turkish pop,169
vocal harmony group,169
women's music,169
ye ye,169
belgian new wave,170
deep uplifting trance,170
dutch trance,170
finnish death metal,170
full on,170
post-doom metal,170
progressive psytrance,170
progressive uplifting trance,170
psychedelic trance,170
j-punk,171
japanese punk rock,171
nz hardcore,171
nz punk,171
vocaloid,171
australian children's music,172
canadian children's music,172
children's folk,172
children's music,172
country boogie,172
early american folk,172
folk rock italiano,172
kindie rock,172
musica infantil,172
musica popular paraense,172
preschool children's music,172
truck-driving country,172
vintage swing,172
asmr,173
bulgarian experimental,173
yoga,173
adoracion,174
anthem worship,174
ccm,174
christian music,174
deep ccm,174
latin christian,174
latin worship,174
midwest americana,174
rock cristiano,174
southampton indie,174
world worship,174
worship,174
christian power metal,175
finnish hard rock,175
finnish power metal,175
funk mexicano,175
north carolina emo,175
south african rock,175
south dakota indie,175
spanish folk metal,175
svensk progg,175
swancore,175
swedish idol pop,175
swedish prog,175
zeuhl,175
classical oboe,176
finnish classical,176
hungarian choir,176
swedish choir,176
wind quintet,176
dusseldorf electronic,177
float house,177
indie game soundtrack,177
japanese jazz fusion,177
ninja,177
slovak electronic,177
techno,177
bassline,178
black punk,178
collage pop,178
fidget house,178
german punk,178
go-go,178
italo dance,178
japanese electropop,178
welsh indie,178
bubblegum dance,179
chicago house,179
deep disco,179
deep freestyle,179
deep new wave,179
disco house,179
diva house,179
eurodance,179
freestyle,179
hi-nrg,179
hip house,179
italian disco,179
tribal house,179
vocal house,179
trance mexicano,180
breton folk,181
jewish cantorial,181
portuguese early music,181
deep punk rock,182
instrumental progressive metal,182
thall,182
trash rock,182
british classical piano,183
canadian classical piano,183
chinese classical performance,183
chinese classical piano,183
classical harp,183
classical piano,183
dutch classical piano,183
french classical piano,183
german classical piano,183
hungarian classical piano,183
israeli classical piano,183
italian classical guitar,183
italian classical piano,183
japanese classical piano,183
nordic classical piano,183
russian classical piano,183
tone,183
tzadik,183
alternative roots rock,184
aussietronica,184
australian indie folk,184
canadian electropop,184
christian indie,184
connecticut indie,184
destroy techno,184
dutch prog,184
electra,184
etherpop,184
future bass,184
future garage,184
gauze pop,184
gothenburg indie,184
indie electropop,184
la pop,184
mississippi indie,184
new french touch,184
norwegian singer-songwriter,184
pinoy pop punk,184
popwave,184
portland punk,184
rock independant francais,184
shiver pop,184
vapor soul,184
vapor twitch,184
american romanticism,185
austrian orchestra,185
canadian experimental,185
chinese traditional,185
historic string quartet,185
light music,185
modern performance,185
pops orchestra,185
string folk,185
string quartet,185
viola,185
argentine metal,186
bouncy house,186
funk das antigas,186
funk pop,186
j-acoustic,187
uk diy punk,187
anadolu rock,188
argentine indie,188
roda de samba,188
rumba congolaise,188
soukous,188
steelpan,188
twoubadou,188
umbanda,188
blues mexicano,189
chinese indie rock,189
women's choir,189
boom bap brasileiro,190
brazilian hip hop,190
native american hip hop,190
rap nacional antigo,190
spiritual hip hop,190
dc indie,191
indonesian r&b,191
irish hip hop,191
nz reggae,191
south african alternative,191
turkish trap pop,191
witch house,191
montreal indie,192
san diego rap,192
slow game,192
trap dominicano,192
sudanese pop,193
swedish underground rap,193
australian trap,194
cumbia pop,194
dong-yo,194
funk paulista,194
trap mexicano,194
uk garage,194
hip hop cubano,195
accordeon,196
deep smooth jazz,196
ethio-jazz,196
hammond organ,196
instrumental soul,196
italian library music,196
japanese experimental,196
japanese vocal jazz,196
jazz organ,196
romantico,196
smooth jazz,196
swedish electronic,196
swedish house,196
classic korean pop,197
music box,197
neo-pagan,197
pornogrind,197
recorder,197
sydney indie,197
alternative pop,198
alternative rock,198
art punk,198
australian post-punk,198
dark post-punk,198
dark wave,198
gbvfi,198
gothic post-punk,198
gothic rock,198
grunge,198
indie punk,198
noise pop,198
paisley underground,198
post-punk,198
scottish indie,198
swiss rock,198
triangle indie,198
uk post-punk,198
vancouver punk,198
birmingham hip hop,199
kentucky metal,199
reggaeton mexicano,199
blackgaze,200
british post-rock,200
cosmic post-rock,200
fluxwork,200
french indie folk,200
gaian doom,200
horror synth,200
instrumental post-rock,200
irish dance,200
australian classical piano,201
brazilian contemporary classical,201
native american spiritual,201
gospel italiano,202
avant-garde metal,203
vancouver metal,203
bleep techno,204
corrosion,204
deathrock,204
instrumental rock,204
jazz metal,204
oc indie,204
san diego indie,204
shred,204
guzheng,205
microtonal,205
new zealand classical,205
australian indigenous,206
brutal deathcore,206
dallas indie,206
deep acoustic pop,206
gothic alternative,206
knoxville indie,206
okinawan pop,206
scottish metal,206
texas punk,206
bahai,207
christmas product,207
traditional funk,207
american metalcore,208
australian metal,208
australian ska,208
canadian metalcore,208
mathcore,208
melodic groove metal,208
melodic thrash,208
new wave of thrash metal,208
tennessee metal,208
virginia metal,208
belgian techno,209
berlin minimal techno,209
deep techno,209
experimental indie,209
hard minimal techno,209
spanish techno,209
belgian singer-songwriter,210
broadway,210
folclore tucumano,210
hollywood,210
modern indie pop,210
nova canco,210
russian punk,210
show tunes,210
vermont indie,210
deep progressive house,211
greek house,211
organic electronic,211
african rock,212
axe,212
bergen indie,212
chanson paillarde,212
classic afrobeat,212
colombian pop,212
cuarteto,212
disco,212
east coast reggae,212
ecuadorian pop,212
french synthpop,212
geek rock,212
grupera,212
gruperas inmortales,212
highlife,212
japanese city pop,212
minneapolis sound,212
musica popular colombiana,212
new jack swing,212
nouvelle chanson francaise,212
pop peruano,212
pop reggaeton,212
popgaze,212
reggae rock,212
ska,212
sophisti-pop,212
south african pop,212
strut,212
tejano,212
tropical,212
venezuelan rock,212
lute,213
spanish baroque,213
wind ensemble,213
adventista,214
boston folk,214
brazilian modern jazz,214
canadian folk,214
canto popular uruguayo,214
chamame,214
contemporary vocal jazz,214
fado,214
gospel antigas,214
irish ballad,214
irish singer-songwriter,214
jazz pop,214
mantra,214
stomp and flutter,214
canadian americana,215
experimental vocal,215
folkmusik,215
greek jazz,215
indian jazz,215
jazz accordion,215
jazz tuba,215
kora,215
qawwali,215
footwork,216
lithuanian electronic,216
serbian electronic,216
dunedin sound,217
dutch folk,217
music hall,217
musica prehispanica,217
shanty,217
american classical piano,218
brass quintet,218
classical cello,218
drift,218
finnish contemporary classical,218
focus,218
historic piano performance,218
icelandic classical,218
latin american classical piano,218
polish classical piano,218
romanian classical piano,218
russian orchestra,218
theremin,218
world meditation,218
musica piemonteisa,219
musica sarda,219
american post-rock,220
belgian rock,220
idaho indie,220
intelligent dance music,220
japanese soundtrack,220
lo-fi indie,220
nordic folk,220
rune folk,220
video game music,220
viking folk,220
brega,221
chinese jazz,221
gospel soul,221
polish reggae,221
psychedelic folk rock,221
swing italiano,221
taiwan indie,221
uk contemporary jazz,221
victoria bc indie,221
baltic classical,222
cathedral choir,222
indonesian worship,222
circus,223
deep free jazz,223
deep latin christian,223
nz singer-songwriter,223
russian folk rock,223
sevdah,223
springfield mo indie,223
calypso,224
folclore extremeno,224
mento,224
tajik pop,224
tamil worship,224
uzbek pop,224
acousmatic,225
american modern classical,225
austro-german modernism,225
hindustani instrumental,225
irish classical,225
jazz double bass,225
polish classical,225
swedish jazz,225
environmental,226
sound,226
sound effects,226
water,226
khaleeji iraqi,227
middle eastern traditional,227
concepcion indie,228
melbourne indie,228
swedish rock-and-roll,228
canadian rockabilly,229
charanga,229
deep southern soul,229
joropo,229
rock alternatif francais,229
rock pernambucano,229
trinidadian reggae,229
canadian indigenous hip hop,230
danish pop,230
glitchcore,230
gqom,230
military rap,230
minimal tech house,230
ottawa rap,230
pakistani hip hop,230
parody,230
polynesian hip hop,230
south carolina hip hop,230
st louis rap,230
trap triste,230
dutch death metal,231
dutch metal,231
french death metal,231
french metal,231
progressive power metal,231
swedish metalcore,231
animal singing,232
classic finnish pop,232
classic iskelma,232
humppa,232
iskelma,232
sotalaulut,232
art song,233
irish indie,233
israeli folk,233
swiss worship,233
welsh folk,233
alternative emo,234
anime,234
anime rock,234
anthem emo,234
australian psych,234
canadian rock,234
christian metal,234
christian punk,234
christian rock,234
dayton indie,234
dreamo,234
emo,234
garage rock,234
j-pop,234
j-poprock,234
j-rock,234
japanese emo,234
latin metal,234
mexican pop punk,234
midwest emo,234
modern power pop,234
musica aragonesa,234
neon pop punk,234
newcastle nsw indie,234
philly indie,234
pixie,234
pop emo,234
pop punk,234
post-grunge,234
punk blues,234
socal pop punk,234
swedish alternative rock,234
texas pop punk,234
arab folk,235
bengali folk,235
canzone napoletana,235
classic italian folk pop,235
deep delta blues,235
folklore chileno,235
hindustani classical,235
operetta,235
rabindra sangeet,235
rosary,235
spanish classical,235
spirituals,235
tin pan alley,235
vintage italian pop,235
danspunk,236
funana,236
musica hondurena,236
ottawa indie,236
punta,236
uk dancehall,236
uk reggae,236
deep r&b,237
emo mexicano,237
english indie rock,237
newcastle indie,237
northern irish punk,237
punk rock mexicano,237
slavic folk metal,237
beat poetry,238
early avant garde,238
arabic hip hop,239
middle east hip hop,239
palestinian pop,239
brisbane indie,240
charlottesville indie,240
chillstep,240
classic dubstep,240
louisville indie,240
malaysian pop,240
swedish tropical house,240
abstract beats,241
bass music,241
belgian indie,241
chillwave,241
deep disco house,241
downtempo,241
electronica,241
minecraft,241
no wave,241
scottish electronic,241
swedish heavy metal,241
swedish synthpop,241
trip hop,241
bhangra,242
classic bhangra,242
french hip hop,242
groove room,242
old school rap francais,242
deep classic garage rock,243
lafayette indie,243
latincore,243
slovenian electronic,243
tamaulipas indie,243
australian indie rock,244
classic thai pop,244
cymraeg,244
nightcore,244
deathgrass,245
duluth indie,245
georgian folk,245
huayno,245
musica ayacuchana,245
nueva ola peruana,245
salsa venezolana,245
samba-rock,245
traditional rockabilly,245
croatian folk,246
erhu,246
polish jazz,246
turkish classical,246
turkish jazz,246
nantes indie,247
turkish trap,247
cameroonian pop,248
partido alto,248
timba,248
maine hip hop,249
west australian hip hop,249
atlanta punk,250
marimba orquesta,250
panamanian rock,250
afghan pop,251
brazilian soul,251
chicha,251
corridos tumbados,251
latin jazz,251
manguebeat,251
modern salsa,251
musica jibara,251
pagode,251
pinoy trap,251
puerto rican folk,251
salsa,251
salsa international,251
salsa peruana,251
salsa puertorriquena,251
swamp blues,251
tagalog rap,251
tipico,251
dark minimal techno,252
detroit techno,252
ethnotronica,252
organic house,252
canadian indigenous,253
chamber folk,253
channel pop,253
chinese indie,253
chinese r&b,253
german country,253
maine indie,253
memphis americana,253
musica costarricense,253
nashville americana,253
neo-singer-songwriter,253
pinoy reggae,253
swedish soul,253
variete francaise,253
belgian contemporary classical,254
chinese classical,254
chinese soundtrack,254
japanese electronic,254
japanese idm,254
christian metalcore,255
euphoric hardstyle,255
j-metal,255
new jersey hardcore,255
nintendocore,255
nu-metalcore,255
post-post-hardcore,255
post-screamo,255
progressive post-hardcore,255
screamo,255
trancecore,255
caracas indie,256
danish punk,256
funky breaks,256
hawaiian indie,256
jordanian pop,256
latin ska,256
ukrainian pop,256
san antonio rap,257
argentine ambient,258
ballroom,258
cello,258
drone folk,258
japanese instrumental,258
wisconsin indie,258
world fusion,258
nl folk,259
novelty,259
xhosa,259
zambian pop,259
australian underground hip hop,260
crack rock steady,260
naija worship,260
plunderphonics,260
punk rock italiano,260
21st century classical,261
oxford choir,261
university choir,261
danseband,262
australian ambient,263
balkan classical piano,263
belgian classical piano,263
nu age,263
orthodox chant,263
russian choir,263
garage punk blues,264
italian power metal,264
japanese prog,264
gospel rap,265
ambient techno,266
hindi hip hop,266
modern psychedelic folk,266
bansuri,267
boy soprano,267
classical piano trio,267
contemporary classical piano,267
rwandan traditional,267
contemporary folk,268
enka,268
kentucky indie,268
liverpool indie,268
papuri,268
rif,268
belgian dance,269
comic metal,269
complextro,269
deep dance pop,269
estonian pop,269
swedish melodic rock,269
worcester ma indie,269
alt-idol,270
happy hardcore,270
hardstyle,270
kawaii metal,270
rawstyle,270
tampa indie,270
japanese garage rock,271
musica tropical guatemalteca,271
neo-rockabilly,271
vbs,271
chinese idol pop,272
electro-pop francais,272
indonesian hip hop,272
shaabi,272
brazilian classical,273
calming instrumental,273
contemporary jazz,273
ecm-style jazz,273
fingerstyle,273
german jazz,273
harp,273
jazz trio,273
lullaby,273
modern jazz trio,273
modern string quartet,273
neo-classical,273
new age piano,273
norwegian contemporary jazz,273
norwegian jazz,273
straight-ahead jazz,273
mollywood,274
nepali indie,274
nepali pop,274
soda pop,274
african reggae,275
alaska indie,275
alte,275
argentine reggae,275
austropop,275
cumbia salvadorena,275
cumbia santafesina,275
egyptian pop,275
electrofox,275
musica costena,275
rochester ny indie,275
south african house,275
southern americana,275
soviet synthpop,275
west coast reggae,275
alabama rap,276
charlotte nc indie,276
chicago drill,276
country rap,276
dark trap,276
dmv rap,276
drill,276
edmonton indie,276
escape room,276
k-rap,276
lgbtq+ hip hop,276
melodic rap,276
mississippi hip hop,276
phonk,276
pop rap,276
rap kreyol,276
social media pop,276
uk hip hop,276
underground hip hop,276
corridos cristianos,277
dembow,277
dutch hip hop,277
dutch rap pop,277
german house,277
german indie,277
trap venezolano,277
final fantasy,278
instrumental stoner rock,278
rock progressif francais,278
russian shoegaze,278
classic indo pop,279
dangdut,279
indonesian indie,279
russian ccm,279
oratory,280
skramz,281
bandoneon,282
classic turkish pop,282
jig and reel,282
pakistani pop,282
sertanejo pop,282
tango cancion,282
vintage spanish pop,282
german underground rap,283
jamtronica,283
zimdancehall,283
c-pop,284
classic cantopop,284
classic mandopop,284
classic opm,284
deep christian rock,284
family gospel,284
icelandic folk,284
north carolina roots,284
persian traditional,284
skiffle,284
southern gospel,284
vintage chinese pop,284
guidance,285
motivation,285
commons,286
pet calming,286
banjo,287
bluegrass,287
bluegrass gospel,287
doo-wop,287
greek swing,287
klezmer,287
kundiman,287
manila sound,287
mariachi,287
nuevo flamenco,287
old-time,287
progressive bluegrass,287
ranchera,287
rhythm and blues,287
string band,287
yodeling,287
ballet class,288
baroque,288
baroque violin,288
classical era,288
early romantic era,288
english baroque,288
free improvisation,288
german baroque,288
harpsichord,288
historic classical performance,288
native american,288
neoclassicism,288
russian modern classical,288
mongolian hip hop,289
mongolian pop,289
bass house,290
deep groove house,290
deep tropical house,290
filter house,290
german techno,290
house,290
melbourne bounce international,290
new beat,290
nu disco,290
frenchcore,291
gabba,291
gaming dubstep,291
uptempo hardcore,291
colombian hip hop,292
dub poetry,292
experimental dub,292
kentucky punk,292
background piano,293
christian relaxative,293
classic soundtrack,293
icelandic experimental,293
italian soundtrack,293
japanese classical,293
moog,293
shamanic,293
vintage italian soundtrack,293
german literature,294
kleine hoerspiel,294
reading,294
drill and bass,295
indie dream pop,295
microhouse,295
minimal techno,295
uk experimental electronic,295
chihuahua indie,296
neo-traditional bluegrass,296
rhode island indie,296
west african jazz,296
